id,nota_c1,nota_c2,nota_c3,nota_c4,nota_c5,nota_c1_gemma4,nota_c2_gemma4,nota_c3_gemma4,nota_c4_gemma4,nota_c5_gemma4,nota_c1_qwen2.5,nota_c2_qwen2.5,nota_c3_qwen2.5,nota_c4_qwen2.5,nota_c5_qwen2.5,nota_c1_qwen3,nota_c2_qwen3,nota_c3_qwen3,nota_c4_qwen3,nota_c5_qwen3,nota_c1_deepseek-r1,nota_c2_deepseek-r1,nota_c3_deepseek-r1,nota_c4_deepseek-r1,nota_c5_deepseek-r1
1,80,80,80,80,80,2,3,3,3,4,2,1,2,3,0,2,3,2,2,1,2,2,2,1,1
2,160,40,40,120,40,4,4,5,4,5,2,1,1,3,0,3,1,1,2,1,4,4,4,4,4
3,120,120,160,160,0,4,5,5,4,4,3,2,3,3,1,3,5,5,4,5,2,4,3,2,3
4,160,120,120,120,80,3,2,2,3,1,2,3,2,3,1,3,2,2,2,3,2,3,3,2,3
5,120,40,40,160,40,3,5,4,4,4,2,4,3,2,1,2,2,2,2,3,2,1,3,1,3
6,160,40,40,160,40,3,2,3,4,4,3,1,2,3,0,4,2,2,2,3,4,3,3,3,3
7,160,120,120,120,120,3,2,2,3,1,2,1,1,2,0,3,0,0,2,0,3,0,2,3,2
8,120,120,120,120,80,4,4,4,4,3,0,1,2,3,0,4,3,4,4,4,4,3,3,4,3
9,80,80,80,80,80,3,4,4,3,3,2,1,2,1,0,3,3,3,2,1,1,2,1,1,2
10,120,200,160,120,120,3,5,5,4,5,2,3,4,3,1,3,4,4,3,4,5,5,5,4,5
11,120,120,120,120,120,3,4,3,2,5,2,1,1,2,3,4,4,5,5,5,3,2,4,3,4
12,120,40,40,120,40,2,2,2,2,2,2,1,1,1,0,2,2,2,2,1,2,1,2,1,3
13,160,160,120,160,160,5,5,4,5,5,2,3,3,2,1,5,5,5,5,5,4,5,5,4,4
14,120,160,120,120,40,2,4,4,2,3,2,3,2,1,0,3,3,4,3,3,2,3,3,3,3
15,0,0,0,0,0,2,0,0,2,0,2,1,1,1,0,1,1,1,1,0,0,0,0,0,0
16,40,80,120,160,120,2,4,2,3,1,2,1,2,1,0,2,2,3,3,3,3,2,3,2,3
17,160,160,160,160,160,4,5,5,4,3,3,2,4,3,2,4,5,5,5,5,5,5,5,5,5
18,80,80,40,40,40,2,2,2,2,2,2,1,1,2,0,2,1,1,2,1,1,1,1,1,1
19,120,160,160,120,80,4,5,5,4,5,3,2,3,3,2,4,5,5,5,5,4,5,5,4,5
20,120,80,80,120,120,2,2,2,2,2,2,1,3,2,0,2,3,2,2,3,2,2,2,2,3
21,120,160,120,120,40,3,4,4,3,3,2,1,2,1,0,3,4,4,3,4,2,3,2,2,3
22,120,120,120,120,120,4,5,5,4,4,2,1,3,3,2,5,4,5,5,5,5,5,5,4,5
23,120,160,160,160,120,3,2,2,3,1,2,3,2,3,1,4,3,4,3,4,5,5,5,4,3
24,0,0,0,0,0,2,3,2,2,0,3,2,1,2,3,2,3,2,2,3,3,3,3,2,2
25,160,200,200,160,160,4,5,5,5,5,3,2,3,4,3,3,5,5,4,5,4,4,4,3,4
26,120,120,80,120,160,4,4,3,3,5,3,4,5,4,2,4,5,5,5,5,5,5,5,5,5
27,160,40,40,120,40,2,2,2,2,0,2,1,1,1,0,2,2,1,1,0,3,2,2,2,0
28,120,120,160,160,120,3,4,3,2,2,2,3,2,1,0,2,3,3,2,3,3,3,3,3,3
29,80,40,40,120,0,2,2,2,2,0,2,1,1,1,0,1,2,2,1,1,1,2,2,1,1
30,120,120,80,80,160,4,5,5,5,4,3,4,2,4,1,2,4,4,3,3,3,3,2,3,2
31,0,0,0,0,0,3,2,2,2,0,2,3,1,3,0,2,2,2,2,0,2,2,2,2,2
32,200,160,200,200,200,4,5,5,5,5,3,2,4,3,1,4,5,5,5,5,4,4,4,4,4
33,120,120,120,160,80,2,3,4,2,2,2,1,3,2,1,2,3,2,2,2,3,3,3,3,3
34,160,160,120,160,160,4,5,5,4,5,3,4,5,2,1,4,5,5,4,5,4,4,4,4,4
35,120,120,120,120,80,3,2,2,2,0,2,3,4,3,2,2,3,4,3,4,2,3,3,2,4
36,120,40,40,120,0,3,2,2,3,1,2,3,4,3,0,3,2,2,3,1,0,2,2,0,0
37,160,120,160,160,160,4,5,4,4,5,2,3,3,2,1,5,5,5,5,4,5,5,5,5,4
38,120,40,80,80,0,2,2,2,1,0,3,4,3,2,1,2,2,2,2,0,2,3,2,2,0
39,120,120,80,80,80,3,4,4,3,4,2,3,3,2,4,3,4,4,3,5,3,3,3,2,4
40,120,40,40,120,40,3,2,3,3,2,3,2,1,2,0,2,2,2,2,1,3,3,3,3,4
41,120,160,160,120,120,3,5,5,4,5,2,4,3,3,2,3,4,5,3,4,4,3,3,3,4
42,80,80,80,80,40,2,2,2,2,0,3,2,1,2,4,2,2,2,2,2,0,2,2,0,1
43,160,120,120,160,160,4,5,5,5,5,2,3,3,2,4,4,5,5,5,5,5,5,5,5,5
44,120,40,40,120,0,2,2,2,2,0,3,4,2,3,0,4,4,3,3,0,1,1,2,1,0
45,160,40,40,160,40,2,2,2,3,2,2,3,2,3,1,3,4,4,3,4,2,2,2,2,3
46,160,200,160,200,160,4,5,5,5,5,3,4,5,2,1,4,5,5,5,5,3,4,4,4,4
47,160,160,160,160,160,4,2,3,3,3,2,1,3,2,4,3,1,1,2,2,2,2,2,2,2
48,160,200,160,160,160,5,5,5,5,5,3,2,4,3,2,4,5,5,5,5,5,5,5,5,5
49,80,80,40,40,80,2,2,2,2,2,2,3,2,2,1,2,2,2,2,2,0,1,3,2,3
50,160,160,200,160,200,4,5,4,4,5,2,1,3,2,1,5,5,5,5,5,4,5,5,4,4
51,40,40,40,40,40,2,2,1,2,0,2,1,1,1,0,3,2,2,2,1,2,0,1,2,0
52,160,200,120,120,80,4,2,3,4,2,2,1,1,2,0,3,4,4,4,3,5,3,5,4,4
53,120,160,160,160,80,3,4,4,3,4,2,3,2,1,0,3,3,3,3,4,5,5,5,3,3
54,120,120,80,120,40,2,3,3,2,1,2,3,2,3,4,3,2,2,3,4,1,2,2,1,3
55,120,120,80,120,120,2,2,2,2,0,2,1,2,1,0,2,2,3,2,1,1,2,1,1,2
56,160,120,160,120,80,4,3,3,3,2,2,3,2,3,1,3,4,4,3,4,4,3,3,4,3
57,80,80,80,80,80,5,5,5,5,5,3,2,3,3,4,3,4,4,4,5,4,5,4,4,5
58,160,120,120,160,120,4,5,4,5,5,2,3,2,3,4,4,3,4,4,4,5,4,4,4,4
59,120,120,120,120,160,4,3,4,4,5,2,3,3,2,4,5,4,4,5,5,5,5,5,5,5
60,120,160,160,120,160,4,5,4,3,3,3,4,2,3,4,4,5,5,4,5,5,5,5,5,4
61,160,120,120,120,160,2,3,2,2,2,2,3,3,2,1,3,4,4,4,4,5,4,5,4,5
62,160,200,120,120,160,4,4,4,4,4,2,3,4,3,2,5,5,5,5,5,5,5,5,5,4
63,80,80,80,80,80,3,3,2,3,4,2,3,2,3,4,3,3,3,3,4,1,2,2,1,3
64,160,120,120,120,120,3,4,3,4,4,1,2,3,2,4,4,2,2,3,4,4,4,5,4,4
65,160,80,160,160,160,5,2,4,5,5,0,2,1,2,0,5,5,5,5,5,4,5,4,3,5
66,120,120,120,120,120,2,3,2,2,2,2,1,1,2,3,2,2,2,2,2,1,1,1,1,1
67,0,0,0,0,0,4,1,2,3,2,2,1,3,2,0,2,1,2,2,0,0,0,0,0,0
68,120,120,120,120,40,3,4,2,3,2,2,1,2,3,0,2,2,2,2,1,2,2,2,2,2
69,160,200,160,200,160,4,3,2,4,2,2,3,4,3,1,3,4,4,3,4,4,3,4,4,3
70,160,160,160,120,0,4,4,4,4,2,3,4,5,4,2,5,5,5,5,5,5,5,5,5,5
71,120,120,120,160,80,2,3,2,2,2,2,3,2,3,4,2,2,3,3,3,1,1,2,1,2
72,0,0,0,0,0,1,0,0,2,0,0,1,0,0,0,1,1,1,2,0,0,0,0,0,0
73,160,120,80,120,80,3,3,3,3,2,2,3,2,1,0,4,3,3,3,3,1,2,2,1,2
74,80,120,120,120,160,3,4,4,3,5,3,2,2,3,4,2,3,3,2,4,4,4,4,4,4
75,160,200,120,160,120,4,3,4,4,5,3,4,5,4,2,5,5,5,5,5,5,5,5,5,5
76,0,0,0,0,0,3,3,2,2,0,2,3,1,2,0,2,2,2,2,0,3,4,4,3,4
77,80,120,120,80,80,4,2,2,4,0,2,3,4,3,2,4,4,4,4,2,4,5,5,4,4
78,120,40,80,120,40,3,2,2,2,2,3,2,1,3,2,3,3,3,3,2,3,3,4,3,4
79,0,0,0,0,0,2,0,2,3,0,0,1,1,2,0,0,0,0,1,0,0,0,0,0,0
80,120,40,40,80,40,2,3,3,2,2,2,1,1,1,0,2,2,2,2,1,1,0,1,1,2
81,0,0,0,0,0,3,3,4,2,2,2,1,3,2,1,3,3,4,3,4,1,1,1,0,0
82,120,40,40,160,40,2,0,2,2,0,0,1,1,2,0,2,0,0,1,0,2,0,2,2,2
83,80,120,80,80,40,3,4,3,3,4,2,3,2,1,0,2,3,3,2,2,2,3,3,2,3
84,120,40,40,120,40,2,2,2,1,0,2,1,1,1,0,2,1,2,2,0,1,0,0,0,0
85,160,120,160,120,160,4,5,5,5,5,3,2,4,3,5,3,5,5,4,5,5,5,5,5,5
86,120,160,160,120,120,4,5,5,4,5,3,2,4,3,5,3,4,4,3,4,2,4,4,2,3
87,120,40,40,120,40,4,2,4,3,5,0,1,2,3,4,3,2,3,2,3,0,0,0,0,0
88,120,120,120,120,160,3,4,2,3,4,2,3,2,1,0,2,3,2,2,1,2,2,2,2,3
89,0,0,0,0,0,2,0,2,2,0,0,1,1,2,0,1,0,0,1,0,0,0,0,0,0
90,120,200,160,120,80,4,2,3,4,2,2,1,2,3,0,3,2,3,3,2,0,0,0,0,0
91,80,80,80,80,80,4,5,5,4,4,2,3,2,3,4,3,1,2,2,2,4,4,4,4,4
92,120,80,120,120,80,4,5,4,4,2,0,2,3,2,0,4,2,3,4,4,3,1,2,2,2
93,160,120,160,160,0,3,4,2,3,0,3,4,2,3,1,4,4,4,4,0,5,5,4,3,4
94,160,120,160,120,120,5,5,5,5,5,2,3,3,2,1,4,5,5,5,5,5,5,5,4,3
95,160,120,160,160,80,4,5,5,4,5,2,3,3,2,4,3,5,5,4,5,4,4,5,4,4
96,160,160,160,160,120,4,5,5,5,5,2,1,3,2,4,4,3,4,4,5,3,4,3,2,1
97,120,160,120,120,80,4,3,4,5,0,2,3,3,2,1,4,3,3,4,2,3,4,4,3,2
98,120,120,80,120,120,3,4,4,3,2,3,2,2,3,1,3,4,3,2,3,4,5,4,4,4
99,160,40,40,160,40,5,5,5,5,5,2,3,4,3,1,3,4,5,4,5,4,2,3,3,4
100,120,120,120,120,160,3,4,4,4,5,2,1,1,1,3,4,4,4,4,5,3,3,3,3,3
101,120,120,120,120,120,2,3,3,2,1,2,4,3,1,3,2,2,2,2,2,2,3,2,1,2
102,160,120,120,80,0,5,5,5,5,2,3,4,5,4,3,4,5,5,5,5,4,5,5,4,5
103,160,40,40,120,40,3,2,3,2,2,2,3,2,1,0,2,2,2,3,2,2,3,3,2,2
104,0,0,0,0,0,2,2,2,2,2,2,1,1,2,1,2,2,3,2,2,0,0,0,0,0
105,120,160,160,120,120,5,4,5,5,5,2,3,4,3,5,4,4,4,4,4,2,4,4,3,4
106,80,120,120,80,80,2,2,2,2,0,2,1,1,2,0,2,2,2,2,0,1,2,1,1,0
107,80,80,80,80,80,2,4,2,2,2,2,3,3,2,4,3,4,4,3,3,1,2,2,1,3
108,160,40,40,120,40,4,3,4,4,5,2,1,1,1,0,4,3,3,3,5,3,2,2,2,3
109,200,200,160,200,160,4,5,5,4,5,3,2,3,2,0,4,5,5,5,5,4,5,5,5,5
110,160,160,160,160,120,4,3,4,3,5,4,5,3,4,2,3,5,5,4,5,3,3,3,3,3
111,200,120,160,120,160,4,5,5,5,5,2,4,3,3,2,5,5,5,5,5,4,5,5,4,5
112,160,40,40,120,40,3,4,4,3,2,2,1,1,2,0,2,2,2,2,0,0,0,0,0,0
113,200,200,160,160,80,4,5,5,5,2,0,2,3,2,1,3,1,3,3,2,3,4,4,2,3
114,200,200,160,160,120,4,4,4,4,2,2,3,2,1,0,4,4,5,5,4,4,4,4,4,3
115,120,160,120,120,0,3,3,2,3,1,2,3,4,3,1,4,4,5,4,3,5,4,4,3,3
116,160,80,80,160,0,2,2,2,2,0,2,3,1,3,0,2,2,2,2,0,2,2,2,2,2
117,200,160,120,160,40,5,4,5,5,2,2,1,3,2,0,2,1,2,2,2,3,2,3,2,3
118,160,40,40,120,40,3,4,4,3,1,2,1,2,1,0,2,2,2,2,3,1,2,2,1,1
119,120,120,120,120,80,3,3,3,2,2,2,3,2,3,4,3,4,3,3,2,5,4,4,4,4
120,120,80,80,80,120,4,5,5,5,5,2,3,3,2,4,5,5,5,5,5,5,5,5,5,5
121,160,160,200,200,0,4,3,3,4,0,2,3,1,2,4,4,4,4,4,3,5,5,5,5,4
122,160,120,120,200,160,3,4,3,4,5,4,3,4,3,2,3,4,4,3,4,3,4,2,2,4
123,80,80,120,120,80,3,4,2,4,3,2,3,2,2,1,2,3,2,2,2,0,0,0,0,1
124,200,200,200,160,160,4,5,5,4,5,3,4,2,3,1,4,5,5,5,5,5,5,5,5,5
125,160,160,160,120,80,4,4,4,5,2,0,1,2,3,0,3,3,4,4,3,5,4,5,4,5
126,0,0,0,0,0,2,2,2,1,2,2,1,1,1,0,2,2,2,2,1,0,0,0,0,0
127,160,160,160,120,120,4,5,5,5,4,2,3,2,3,4,5,5,5,5,5,5,5,5,4,4
128,120,80,80,160,80,4,3,4,4,4,2,3,3,2,4,4,5,5,5,5,5,5,5,4,5
129,120,40,40,120,0,2,0,2,2,0,0,1,0,0,0,1,1,2,2,0,0,0,0,0,0
130,160,120,120,120,200,3,4,3,3,4,3,2,1,2,3,3,4,5,4,4,3,3,3,3,3
131,120,40,40,120,40,3,2,2,2,2,2,1,1,1,0,2,2,2,2,1,1,1,1,1,2
132,120,40,40,120,40,4,2,3,4,5,2,1,3,2,4,3,1,2,2,3,0,0,0,0,0
133,200,40,80,160,40,4,5,5,5,5,2,3,4,3,1,4,4,5,5,5,4,3,4,4,5
134,120,40,40,120,40,3,4,3,2,2,2,3,3,2,1,2,3,3,3,4,2,2,3,2,3
135,120,120,120,160,120,3,2,4,4,4,3,1,2,3,0,3,4,4,4,4,4,2,3,3,3
136,160,40,40,160,40,5,4,5,5,5,0,1,2,3,0,5,5,5,5,5,5,5,4,5,5
137,80,80,80,80,80,2,2,2,2,2,2,1,1,1,0,2,2,2,2,2,1,1,1,1,2
138,120,160,120,120,80,2,2,2,2,2,2,3,2,2,1,2,3,3,2,3,4,3,2,3,3
139,120,120,160,120,40,4,2,3,4,1,2,1,2,3,0,3,1,2,3,0,3,0,2,2,2
140,0,0,0,0,0,2,2,2,1,0,3,4,3,2,0,3,2,3,3,0,0,0,0,0,0
141,80,120,80,80,40,2,2,1,1,0,2,1,2,1,3,2,2,2,2,1,1,1,1,1,1
142,120,40,40,120,0,2,0,2,2,0,0,0,0,0,0,1,0,0,1,0,1,1,1,1,0
143,120,120,80,120,120,4,4,3,4,2,2,3,2,3,1,4,3,3,4,4,4,3,4,3,4
144,200,160,160,200,160,4,5,5,5,5,2,4,3,3,2,5,5,5,5,5,5,5,5,4,5
145,80,120,80,120,0,2,2,3,2,0,2,3,4,3,2,3,3,3,3,4,4,4,4,4,4
146,120,160,80,80,160,2,2,2,2,2,3,2,1,2,0,1,1,1,1,0,2,3,2,2,3
147,80,80,80,120,80,3,2,2,3,2,2,3,3,2,1,3,5,5,5,5,3,2,3,2,2
148,160,120,120,160,160,3,4,3,2,5,3,4,2,3,1,4,4,5,3,4,4,5,5,4,5
149,160,200,120,120,120,4,5,5,4,5,3,2,3,3,2,4,5,5,5,5,4,5,4,4,4
150,80,120,80,80,80,2,4,4,3,4,2,3,3,2,4,3,4,4,3,4,3,3,3,4,3
151,80,40,40,80,0,1,2,2,2,0,2,3,1,2,0,1,2,2,1,0,0,0,0,0,0
152,200,120,120,160,120,5,3,5,5,5,0,2,1,2,0,4,4,4,4,5,5,5,5,5,5
153,200,200,160,120,0,4,5,4,3,1,3,4,5,4,2,4,5,5,5,5,4,5,5,4,5
154,120,200,120,120,80,1,2,2,2,0,2,1,1,2,0,2,2,2,2,0,1,1,1,1,0
155,160,120,120,120,80,3,2,2,1,1,2,4,3,1,5,2,3,2,2,2,2,3,3,2,3
156,120,80,80,80,120,2,2,2,2,2,2,3,2,3,1,3,4,4,3,4,2,2,2,1,0
157,120,200,160,160,120,3,4,4,3,4,3,2,3,3,2,3,4,4,3,4,2,3,3,2,3
158,120,120,120,120,120,2,3,2,2,2,1,2,3,2,0,2,2,2,2,1,0,0,0,0,0
159,160,160,160,160,120,3,3,3,3,5,3,4,2,3,1,3,4,5,3,4,2,4,4,3,3
160,160,120,120,160,0,2,2,3,2,0,2,4,3,3,0,2,2,3,2,0,3,4,4,3,4
161,80,80,80,120,0,2,2,2,2,0,2,1,2,2,1,2,2,2,2,0,1,2,2,1,0
162,160,200,160,160,160,4,5,4,4,3,3,2,1,3,4,2,2,2,2,3,3,3,3,2,3
163,120,40,40,120,40,3,4,4,3,5,2,3,4,3,2,2,2,2,2,2,2,2,2,2,3
164,120,40,80,120,80,4,0,2,2,3,0,2,1,2,0,2,2,2,2,1,0,0,0,0,0
165,120,40,40,120,0,3,2,2,3,0,2,3,2,3,1,2,2,2,2,1,2,3,2,1,1
166,80,40,80,80,0,2,2,2,2,0,2,1,1,1,1,2,2,2,2,1,1,0,1,1,0
167,80,120,80,120,80,3,2,2,2,1,2,1,1,2,0,2,2,2,2,1,0,0,0,0,0
168,80,40,40,80,0,2,2,2,2,2,2,1,1,1,0,2,2,2,2,1,0,0,1,0,0
169,160,120,160,120,80,3,2,3,3,2,2,3,3,2,1,3,4,4,3,4,5,5,5,5,5
170,80,40,40,0,0,4,3,3,2,2,3,2,1,2,0,3,4,3,3,2,3,3,3,2,4
171,120,120,120,80,80,3,2,2,3,1,2,3,2,3,1,3,3,3,2,0,2,3,1,1,0
172,120,120,160,120,80,3,3,2,2,0,3,2,2,3,1,2,3,2,2,3,2,3,3,2,4
173,120,80,80,120,160,2,2,2,2,2,1,2,3,2,0,2,2,2,2,1,2,1,2,2,0
174,160,200,120,160,160,4,4,4,4,5,3,2,4,3,1,3,5,5,4,5,2,4,3,2,4
175,80,40,80,40,0,0,2,2,1,0,2,1,1,2,0,1,1,1,1,0,1,1,2,1,2
176,160,120,120,160,160,4,3,3,5,4,3,4,4,3,1,3,3,3,3,4,4,5,5,4,3
177,120,120,160,120,120,1,2,2,1,0,2,1,1,2,3,2,2,2,2,1,0,0,0,0,0
178,0,0,0,0,0,4,3,4,5,5,2,1,3,2,0,3,2,2,2,2,3,3,3,4,5
179,120,120,80,120,120,3,4,3,3,3,2,3,2,1,4,2,2,2,2,2,3,3,2,2,3
180,0,0,0,0,0,2,2,2,2,0,2,3,1,2,0,1,1,1,1,1,1,1,1,1,2
181,120,120,160,120,120,3,2,2,2,0,3,4,3,2,1,2,4,4,3,0,3,2,2,2,1
182,160,160,160,160,200,5,4,5,5,5,0,1,2,3,4,4,5,5,4,5,4,2,4,4,4
183,160,160,160,160,160,5,4,4,4,3,2,1,3,2,4,5,5,5,5,5,4,4,5,4,4
184,0,0,0,0,0,2,2,2,1,0,2,3,2,1,2,2,2,2,2,2,1,1,1,0,2
185,160,200,160,160,120,5,5,5,5,5,3,4,2,3,1,4,5,5,4,5,4,5,4,4,4
186,120,120,120,160,160,3,4,4,4,3,2,3,2,3,4,3,2,2,3,4,4,3,3,3,3
187,200,200,200,160,160,4,5,5,4,5,3,1,2,3,4,4,4,5,4,4,5,4,4,3,3
188,0,0,0,0,0,3,5,5,3,2,2,1,3,2,0,2,2,2,3,3,2,3,3,2,3
189,120,80,120,120,120,3,3,2,3,3,2,3,2,3,1,4,4,3,4,4,5,5,3,2,4
190,120,120,120,120,160,3,3,2,3,4,2,3,2,1,0,2,3,3,2,1,3,4,3,2,3
191,80,40,80,80,40,2,1,2,2,2,1,2,3,2,0,2,1,2,2,0,2,3,3,2,2
192,160,120,160,160,160,5,5,5,5,5,3,4,3,2,1,5,5,5,5,5,5,5,5,5,5
193,120,120,80,120,80,4,2,2,4,0,3,2,1,3,0,3,2,2,2,0,2,1,1,2,0
194,160,160,120,160,120,4,3,4,4,0,2,4,3,1,0,4,5,5,5,5,5,5,5,4,5
195,120,120,80,160,40,3,2,2,2,1,2,3,4,3,2,2,3,3,2,2,1,1,1,1,1
196,120,160,160,120,160,2,4,3,4,4,2,3,2,3,4,3,4,3,3,3,0,1,2,1,2
197,120,120,120,160,80,4,5,5,4,3,2,3,2,1,0,4,3,3,3,4,3,4,4,3,3
198,160,160,200,200,160,4,4,4,4,5,2,3,4,3,2,5,5,5,5,5,5,5,5,5,5
199,120,200,160,120,120,2,4,3,3,2,2,1,2,1,0,2,2,3,2,2,2,2,2,2,0
200,120,80,80,120,120,4,0,2,4,4,0,1,2,3,4,3,2,2,2,3,3,0,0,3,4
201,160,120,120,160,160,4,5,5,5,5,2,3,3,2,1,5,5,5,5,5,5,5,4,4,3
202,120,120,120,120,0,2,2,2,2,0,2,1,2,1,0,2,2,2,2,2,2,2,2,2,2
203,120,120,120,120,80,3,4,3,4,4,3,4,3,2,1,3,4,4,3,4,3,2,2,3,2
204,120,160,120,120,80,3,2,2,2,1,2,1,2,1,0,2,4,3,2,2,0,0,0,0,0
205,80,120,120,80,120,4,5,5,5,5,2,3,4,3,1,3,4,5,3,5,4,5,5,4,5
206,120,120,120,160,120,4,4,4,5,3,3,2,1,3,4,3,4,3,3,4,2,2,2,1,3
207,120,120,120,120,120,2,3,2,1,2,2,3,1,2,3,2,3,3,2,3,0,0,0,0,0
208,160,120,80,120,120,4,2,2,3,1,0,2,1,2,0,2,2,2,2,1,0,0,0,0,0
209,120,40,40,80,40,2,2,2,2,2,1,2,3,2,4,2,3,2,2,2,2,2,3,2,3
210,80,40,40,80,0,2,2,2,2,0,2,3,2,1,0,2,2,2,2,0,2,3,2,2,0
211,0,0,0,0,0,2,3,2,2,2,2,3,2,1,0,1,2,2,1,1,0,0,0,0,0
212,80,80,40,80,80,3,4,4,3,4,3,2,2,3,4,2,4,3,3,3,2,2,2,2,2
213,120,120,80,120,0,3,3,2,2,0,2,3,2,1,3,2,3,3,2,1,2,3,2,2,2
214,120,120,120,120,80,3,3,3,2,4,2,3,3,2,4,4,5,5,4,2,2,3,3,2,2
215,160,80,80,120,40,2,2,1,2,0,2,1,1,1,0,2,2,2,2,1,1,2,2,2,2
216,160,160,200,200,0,5,5,5,5,0,2,3,3,2,1,4,4,5,4,0,4,4,4,4,2
217,160,160,120,120,120,3,4,4,4,2,2,3,2,1,2,2,4,4,4,3,2,4,3,3,3
218,160,200,160,160,0,4,5,5,5,0,2,3,4,3,0,3,4,4,3,0,4,3,3,3,2
219,120,40,40,120,0,3,2,2,2,0,2,1,3,2,0,2,2,2,2,0,3,3,3,3,3
220,120,80,80,120,120,3,2,2,3,2,2,3,1,2,3,2,2,2,2,3,1,1,2,1,2
221,120,120,120,120,80,5,5,5,5,2,2,4,3,2,0,5,5,5,5,5,4,5,5,5,5
222,160,80,160,160,120,5,5,5,5,4,4,5,4,3,2,4,5,5,5,5,5,5,4,4,3
223,160,160,160,160,160,4,5,5,5,5,3,2,1,2,0,3,5,5,5,5,4,5,5,4,5
224,160,120,120,160,120,4,4,4,4,2,2,3,2,3,1,3,4,3,3,2,4,4,3,3,4
225,120,120,160,120,0,4,4,4,4,2,2,3,4,3,2,4,5,5,4,3,3,4,4,4,3
226,80,80,80,80,80,3,4,4,4,2,3,2,1,3,0,3,4,3,3,2,2,2,2,2,0
227,160,200,160,200,200,4,5,5,5,5,2,3,2,3,0,3,4,5,4,5,5,5,5,5,5
228,120,120,120,120,80,3,4,4,3,2,2,3,2,3,1,3,3,3,3,0,3,3,3,3,3
229,80,40,40,80,40,3,2,2,3,0,2,1,1,2,1,2,2,3,2,0,1,0,2,1,0
230,160,160,160,200,120,4,4,4,5,0,3,4,4,3,2,5,5,5,5,0,4,4,4,4,4
231,0,0,0,0,0,3,4,2,3,1,2,3,3,2,4,2,2,3,2,2,3,3,3,3,3
232,120,120,80,80,80,2,2,2,2,2,2,1,1,1,0,1,1,2,2,1,0,0,0,0,0
233,120,120,120,120,40,3,2,2,1,0,2,1,2,3,0,2,2,2,2,0,1,1,2,1,1
234,160,120,160,160,120,3,3,2,3,2,3,4,2,3,1,3,4,5,4,5,4,5,5,4,4
235,120,120,120,120,40,3,4,3,4,2,3,4,2,3,1,3,4,3,3,0,4,4,4,3,4
236,0,0,0,0,0,2,2,2,2,2,2,3,1,2,0,2,2,2,2,1,4,4,4,4,4
237,120,120,80,120,80,4,4,3,4,2,3,4,2,4,1,4,3,3,3,2,3,4,4,3,3
238,120,120,120,120,120,4,2,3,2,2,3,2,4,3,0,5,5,5,5,4,5,5,5,5,5
239,120,120,80,120,40,2,2,2,2,0,2,1,1,1,0,2,2,2,2,2,4,3,3,2,2
240,200,200,200,120,120,5,5,5,5,5,3,4,3,2,1,4,5,5,5,2,4,5,4,4,4
241,120,120,80,80,80,4,5,3,3,4,2,3,2,1,0,2,4,3,2,2,4,3,3,3,0
242,160,200,120,120,80,4,3,2,3,1,2,3,2,3,1,4,4,4,4,3,3,3,3,3,3
243,160,120,120,120,0,4,2,3,3,0,2,4,3,3,1,4,3,3,3,0,3,3,2,2,2
244,120,120,120,160,0,4,5,5,5,0,3,2,4,3,2,5,5,5,5,2,3,3,4,3,3
245,160,160,160,160,80,4,4,3,4,2,3,2,2,2,1,4,5,5,4,4,4,5,5,4,4
246,120,160,120,120,120,2,4,5,4,5,2,4,3,3,1,2,3,2,2,3,1,2,2,1,3
247,40,120,80,40,40,2,2,2,2,0,2,3,1,2,0,2,2,2,2,0,0,0,0,0,0
248,120,40,40,120,40,3,3,2,2,2,2,1,1,2,0,2,2,2,2,0,1,2,2,1,0
249,160,160,160,160,0,4,5,5,5,0,3,2,4,3,1,4,5,5,4,2,5,5,5,5,5
250,160,120,120,120,80,3,5,5,4,2,2,3,4,3,1,2,3,3,2,4,1,2,2,1,1
251,120,80,80,80,120,3,4,3,2,2,2,1,1,1,0,2,2,3,2,3,1,2,1,1,2
252,200,200,200,160,40,5,5,5,5,2,3,4,2,4,0,5,5,5,5,5,5,5,5,5,5
253,120,120,80,160,120,5,5,4,5,4,3,2,2,3,1,4,5,5,5,5,1,2,3,1,2
254,200,120,160,160,120,5,5,5,5,5,3,4,2,4,3,4,5,5,5,5,5,5,5,5,5
255,120,40,40,120,40,2,2,3,3,2,2,1,1,1,0,3,4,4,3,4,1,2,2,2,2
256,120,120,160,160,80,3,4,2,2,2,3,2,3,2,4,4,2,3,3,2,2,3,3,2,3
257,160,120,120,160,80,5,4,4,4,2,4,3,3,4,2,5,5,5,5,5,5,5,5,5,5
258,120,40,40,120,40,2,2,2,3,3,2,3,3,2,0,2,2,2,2,2,0,0,0,0,0
259,120,80,80,120,40,3,2,2,2,0,2,3,1,2,0,3,4,3,3,2,2,2,2,2,1
260,120,120,120,120,40,3,3,2,2,0,2,3,3,2,1,3,4,4,3,2,4,3,3,4,3
261,160,120,160,120,120,3,4,4,3,2,2,3,4,3,2,3,4,3,3,3,3,3,3,3,3
262,160,200,120,120,80,2,1,2,2,0,2,1,1,1,0,2,2,2,2,1,2,3,2,2,2
263,160,120,160,160,120,5,2,4,4,5,2,3,2,1,0,3,1,2,2,1,5,5,5,5,5
264,120,40,80,80,80,2,2,2,2,0,2,1,2,3,4,2,2,2,2,0,0,0,0,0,0
265,160,120,160,120,120,4,5,4,4,5,3,2,4,3,2,4,4,5,5,5,5,5,5,5,5
266,120,120,120,160,200,3,4,3,4,2,3,2,1,2,4,3,3,3,3,2,3,2,2,2,2
267,120,120,120,120,120,3,5,3,3,2,2,4,3,1,0,4,4,3,4,2,5,5,5,5,5
268,120,120,80,80,80,3,2,3,3,0,3,2,1,2,1,3,3,2,2,0,3,4,3,3,0
269,80,80,40,80,40,4,5,5,5,5,2,3,2,2,1,4,5,5,5,5,2,3,3,3,4
270,0,0,0,0,0,2,2,2,1,1,2,3,2,3,4,2,2,2,2,0,0,1,2,1,2
271,200,120,200,200,0,5,5,5,5,3,0,2,1,2,0,4,5,5,5,5,5,5,5,5,5
272,0,0,0,0,0,3,2,2,2,0,2,3,3,2,1,3,3,3,3,2,2,2,2,2,2
273,120,120,160,120,160,3,5,4,3,5,3,4,3,2,0,4,5,5,5,5,5,5,5,5,5
274,120,80,80,120,40,2,2,2,1,1,2,1,1,1,0,2,2,2,2,0,0,2,1,0,0
275,120,120,120,120,160,3,4,4,3,5,2,1,2,3,4,3,4,3,3,4,2,2,3,2,3
276,160,160,160,160,40,3,4,4,3,2,3,2,3,3,1,3,4,4,3,1,4,3,4,3,3
277,120,40,40,160,40,4,5,5,4,3,2,4,3,3,1,5,5,5,5,5,4,5,5,4,5
278,120,40,40,160,40,2,3,2,3,1,2,3,1,2,0,2,2,2,2,1,2,2,1,1,1
279,40,40,40,0,40,2,3,3,2,3,2,3,2,1,0,2,1,2,2,2,0,0,0,0,0
280,160,200,160,160,160,4,5,3,4,0,3,4,3,2,1,4,4,4,4,3,4,5,5,4,4
281,200,200,200,200,200,5,5,5,5,5,3,4,4,3,2,5,5,5,5,5,4,4,4,3,4
282,160,120,160,160,80,4,5,5,4,5,2,1,3,2,4,4,5,5,5,5,4,5,3,4,5
283,160,160,200,160,80,5,5,5,5,5,3,4,3,4,2,5,5,5,5,5,5,5,5,4,4
284,120,160,160,160,80,3,5,5,4,4,3,4,2,4,1,3,4,4,3,4,5,5,5,5,5
285,160,160,160,120,120,5,5,4,4,0,3,4,4,3,2,4,5,5,4,2,5,5,5,5,5
286,120,120,120,120,0,3,2,2,2,0,2,3,2,1,0,3,3,3,3,2,2,3,2,2,3
287,80,120,80,120,120,3,4,4,3,5,2,3,3,2,4,3,4,3,3,4,2,3,2,2,2
288,120,120,160,160,80,3,5,4,4,2,2,3,3,2,1,3,4,3,3,2,4,5,5,4,4
289,0,0,0,0,0,2,2,2,2,0,2,1,1,1,0,2,2,2,2,1,2,2,2,2,1
290,200,200,160,160,0,4,5,5,5,0,3,4,5,4,2,4,5,5,5,3,5,5,5,4,4
291,120,160,120,160,0,4,4,4,4,2,3,4,3,4,2,3,4,4,4,4,5,5,5,5,5
292,40,80,120,40,0,1,3,4,3,0,2,3,2,3,1,2,3,3,3,0,4,3,4,3,2
293,200,200,200,200,200,3,5,5,4,3,2,3,3,3,0,3,5,5,4,5,5,5,5,5,5
294,200,120,120,200,120,4,3,2,4,1,2,4,3,3,1,3,2,2,3,2,4,3,4,4,3
295,120,120,160,160,40,4,3,4,4,2,3,4,3,2,3,3,4,5,4,0,3,3,3,3,2
296,0,0,0,0,0,3,2,2,2,0,2,4,3,3,0,2,2,2,2,0,3,2,3,2,0
297,120,120,160,160,120,1,3,3,2,4,2,3,2,1,2,3,2,3,2,3,4,3,4,3,3
298,80,80,120,80,80,3,3,3,3,3,3,2,4,3,2,3,4,4,3,3,2,3,3,2,3
299,160,160,120,160,120,2,4,3,2,0,2,4,3,3,0,4,5,5,5,4,3,3,3,3,4
300,160,160,160,160,160,4,5,5,5,5,5,4,3,5,2,5,5,5,5,5,5,5,5,5,5
301,160,120,80,120,80,4,4,3,4,2,3,4,5,2,1,4,5,5,5,5,3,3,3,3,3
302,160,120,120,120,120,4,5,4,4,5,2,4,3,3,1,3,4,4,3,4,4,4,3,4,4
303,160,120,160,120,80,3,4,4,3,3,3,2,4,3,1,3,4,4,3,2,5,5,4,4,3
304,80,120,120,120,120,3,2,2,2,2,2,3,2,3,4,3,4,4,3,4,2,2,2,2,2
305,160,120,120,160,120,4,3,3,4,0,2,3,2,3,1,3,2,3,2,0,3,4,4,3,3
306,120,200,120,120,200,3,4,3,2,4,3,2,4,3,0,3,3,3,3,4,3,4,3,2,3
307,120,40,40,40,0,2,2,1,2,0,2,2,1,2,0,2,2,2,2,0,1,2,1,1,0
308,0,0,0,0,0,3,2,2,2,0,0,1,2,3,4,3,2,2,2,1,2,2,2,2,1
309,120,120,120,120,120,3,2,2,2,1,1,2,3,2,0,3,3,2,2,1,2,3,3,3,2
310,160,120,160,200,40,4,5,4,5,3,3,2,3,3,2,4,5,5,5,5,4,4,4,3,4
311,120,120,80,120,80,4,5,5,5,0,2,4,3,4,0,4,5,5,4,0,3,3,2,2,2
312,160,120,120,120,120,3,3,3,3,2,2,4,3,2,1,2,4,3,2,3,4,5,4,4,5
313,120,120,120,80,0,2,2,2,2,0,2,3,2,3,4,3,4,4,3,2,3,3,2,2,3
314,160,200,160,200,120,3,5,4,5,2,3,4,4,3,2,4,4,4,4,3,4,5,5,4,5
315,120,120,80,80,80,3,2,2,2,0,2,3,2,3,1,2,3,3,2,2,2,2,3,2,2
316,160,40,40,120,40,2,2,2,2,3,2,1,1,2,0,2,3,3,2,2,1,1,1,1,1
317,160,160,120,160,120,4,5,5,4,4,3,4,5,4,2,4,5,5,5,4,3,2,3,3,3
318,80,120,80,120,120,2,3,2,2,2,2,1,2,1,0,3,2,2,2,1,1,1,1,1,0
319,160,120,160,160,80,4,5,2,4,0,2,3,1,2,0,3,4,3,3,2,4,4,3,3,3
320,80,40,40,80,0,3,2,1,2,0,2,3,2,3,1,2,2,2,2,0,1,2,1,1,0
321,120,120,160,120,0,4,3,2,3,1,3,2,3,3,2,3,3,3,3,2,3,4,3,2,4
322,160,40,40,120,40,4,3,4,4,0,3,2,3,4,0,5,5,5,4,2,4,4,3,3,3
323,0,0,0,0,0,2,2,2,2,0,2,4,3,3,1,1,2,2,2,1,2,2,2,2,3
324,160,120,160,160,0,4,5,5,5,1,2,4,3,4,0,5,5,5,5,0,4,4,4,4,3
325,120,120,160,160,160,3,4,3,4,3,2,3,2,1,4,3,2,2,2,1,2,3,3,2,3
326,160,120,160,120,160,5,5,5,5,5,3,4,4,3,2,4,5,5,4,5,5,5,5,4,5
327,160,120,160,120,0,4,4,4,4,0,3,4,2,3,0,5,5,5,5,2,5,5,5,5,3
328,160,200,160,160,80,4,5,5,4,2,5,4,3,4,2,4,5,5,4,5,4,5,4,3,5
329,120,120,120,120,120,4,4,3,4,2,3,4,2,3,1,4,5,5,4,2,5,5,4,4,4
330,200,200,200,200,200,5,3,3,5,4,2,1,2,2,0,5,5,5,5,5,5,5,5,5,5
331,160,200,160,200,80,4,5,5,5,2,2,3,4,3,2,2,3,3,3,2,5,5,5,5,4
332,120,120,80,80,120,4,2,2,2,2,2,3,1,2,0,3,3,3,3,2,2,1,1,2,0
333,120,120,160,120,160,2,2,2,3,3,2,3,2,3,1,4,4,4,3,2,3,3,3,3,3
334,120,120,160,120,120,5,5,5,5,2,3,4,3,2,1,5,5,5,5,5,5,5,5,5,5
335,80,80,120,80,120,2,4,3,2,5,1,2,3,2,4,3,4,3,3,3,1,2,2,1,2
336,160,120,120,160,40,4,2,2,3,0,2,3,3,2,1,3,4,4,3,2,3,3,4,2,3
337,120,120,120,120,120,5,5,5,5,4,4,3,2,3,1,5,5,5,5,4,4,5,5,4,4
338,160,160,160,160,160,5,5,5,5,4,2,1,3,2,0,4,5,5,5,5,5,5,5,5,5
339,80,120,120,120,80,2,2,2,2,2,2,3,2,3,4,3,3,3,2,2,0,0,0,0,0
340,120,200,120,160,120,2,3,3,2,2,2,3,2,1,4,2,2,2,2,1,3,4,4,3,4
341,120,80,80,160,0,3,2,2,3,0,2,3,3,2,0,4,3,3,3,0,3,2,2,2,0
342,0,0,0,0,0,3,2,2,1,0,2,3,2,3,1,3,3,2,2,0,2,3,3,2,0
343,0,160,160,160,80,2,1,2,2,0,3,2,1,4,0,2,2,2,3,0,1,1,1,1,1
344,120,80,40,40,0,3,2,3,3,1,2,1,3,2,0,3,2,2,3,1,0,0,0,0,0
345,160,200,200,200,200,4,3,5,5,0,4,3,4,4,2,5,5,5,5,3,3,4,3,3,3
346,120,120,120,120,40,2,4,4,3,2,3,2,1,3,0,3,3,3,2,1,2,3,4,2,3
347,160,120,120,120,0,3,2,2,2,0,2,3,1,2,0,3,3,3,3,1,3,4,3,2,3
348,120,40,40,80,40,4,3,3,4,2,2,3,2,1,0,2,2,2,2,1,2,3,3,3,2
349,80,40,40,80,40,3,2,2,2,1,2,1,1,2,0,3,4,4,3,4,3,3,3,2,2
350,0,80,80,80,80,2,4,3,3,3,2,1,3,2,4,2,3,3,2,3,3,3,2,2,1
351,120,80,80,80,80,3,3,2,3,0,2,4,3,4,5,2,2,2,2,0,3,4,4,2,3
352,120,120,120,120,0,4,2,2,3,2,2,3,3,2,0,2,2,2,3,2,5,5,5,5,5
353,160,120,120,120,80,4,4,4,4,2,2,4,3,3,2,2,4,4,3,1,2,3,4,3,1
354,160,160,120,200,120,4,5,5,5,5,3,2,4,3,2,4,5,5,5,3,4,4,4,4,4
355,200,200,160,160,160,5,5,5,5,5,2,4,3,4,0,4,4,4,4,3,4,5,5,4,5
356,200,120,160,120,160,5,5,5,5,4,3,2,1,3,2,4,5,5,5,5,4,5,5,4,5
357,120,200,120,120,120,3,4,3,3,2,3,1,2,3,0,3,3,3,3,4,2,2,3,1,2
358,80,80,80,40,0,2,2,2,2,0,2,1,1,2,0,2,2,2,2,0,0,2,1,1,0
359,160,120,160,120,120,4,5,4,4,2,4,3,3,2,1,5,5,5,5,5,5,5,5,5,5
360,160,200,200,160,40,4,5,5,5,2,3,4,3,2,3,3,5,5,4,4,4,3,4,3,4
361,80,80,80,120,0,2,2,2,2,0,2,1,1,1,0,2,2,2,2,2,1,2,1,1,2
362,80,80,80,80,80,3,2,2,3,2,3,2,1,2,0,3,3,3,3,3,2,3,2,1,3
363,160,120,160,160,80,4,5,4,4,3,2,3,4,3,2,5,5,5,5,5,5,5,5,5,3
364,120,200,160,120,200,4,5,4,4,5,3,4,3,2,1,4,5,5,4,5,4,5,5,4,5
365,160,200,160,120,80,5,5,5,5,5,2,4,3,4,1,4,5,5,5,5,4,5,5,4,5
366,160,120,120,120,40,4,2,2,3,0,2,3,2,3,4,3,4,4,3,0,4,4,4,3,0
367,160,200,160,200,160,4,5,5,5,2,3,4,3,4,2,4,5,5,5,5,5,5,5,5,5
368,160,40,40,120,40,4,5,5,4,1,3,2,4,3,1,4,5,5,5,2,4,4,4,3,5
369,80,40,40,40,80,3,3,2,2,0,2,3,1,2,0,2,2,2,2,2,0,1,0,0,0
370,200,120,160,200,160,5,5,5,5,5,3,4,4,3,0,5,5,5,5,5,5,5,5,5,5
371,160,120,160,160,0,4,4,3,3,2,3,4,2,4,1,4,5,5,4,2,4,3,3,3,3
372,120,120,120,120,0,0,2,3,3,0,2,1,3,2,0,2,4,3,3,0,0,4,2,3,3
373,160,120,160,120,160,4,5,4,3,5,2,3,3,2,1,2,4,4,3,2,3,2,2,3,2
374,120,80,120,120,80,4,2,2,3,0,3,4,3,2,4,4,4,4,4,3,4,5,5,4,5
375,80,120,80,120,80,0,2,2,2,0,1,1,1,1,1,2,2,2,2,3,0,0,0,0,0
376,120,120,120,160,160,4,3,3,4,4,2,3,2,3,1,4,5,5,5,4,5,5,5,4,4
377,80,80,120,80,0,3,2,2,2,0,4,3,2,4,1,4,2,3,2,0,2,3,2,2,1
378,120,80,160,80,120,4,4,3,4,0,2,3,1,2,0,4,4,4,4,2,2,2,2,2,2
379,160,160,120,160,160,5,5,5,5,5,2,3,4,3,0,4,5,5,4,5,5,5,5,5,5
380,160,200,120,120,80,4,5,4,4,0,3,4,4,3,2,3,5,5,4,3,5,5,5,5,4
381,120,80,80,120,80,4,3,2,3,1,2,3,2,3,2,3,2,2,2,0,5,5,5,5,5
382,160,40,40,160,40,2,2,3,2,0,2,1,1,2,0,2,3,2,2,0,0,3,2,1,0
383,120,80,120,80,120,4,5,5,4,5,2,3,4,3,1,3,3,4,3,4,4,2,2,3,3
384,160,120,200,160,120,4,5,4,4,2,3,4,2,3,1,3,4,5,4,3,2,4,4,3,4
385,160,120,160,160,120,5,5,5,5,0,3,4,2,4,0,5,5,5,5,0,5,5,5,4,3
386,120,80,40,40,80,3,2,2,3,0,2,1,2,3,0,2,3,3,2,0,1,0,0,1,0
387,120,160,120,120,120,3,3,2,3,5,2,3,2,3,1,3,4,4,3,4,2,4,3,2,3
388,160,120,120,120,0,3,2,2,2,0,3,2,2,3,4,2,2,2,2,0,3,3,3,2,0
389,160,200,200,160,80,5,5,5,5,5,3,2,4,3,1,4,5,5,5,5,4,5,5,4,5
390,160,200,200,160,120,4,4,4,4,0,3,2,3,3,2,4,5,5,4,3,3,3,3,2,2
391,120,80,80,120,80,4,5,5,5,3,3,4,3,2,1,3,5,5,5,4,5,5,5,5,5
392,200,160,200,200,120,4,5,4,5,3,2,4,3,4,0,5,5,5,5,5,5,5,5,5,5
393,160,160,120,160,120,4,5,5,5,2,3,2,4,3,5,5,5,5,5,5,4,1,3,3,1
394,120,40,40,120,40,2,2,2,2,2,2,1,2,1,1,2,2,2,1,1,1,1,1,1,2
395,160,160,160,160,80,5,5,5,5,4,2,4,3,5,0,5,4,5,5,2,4,4,5,4,5
396,120,40,40,80,40,3,2,2,3,0,0,1,2,3,0,3,2,2,2,1,1,1,1,1,1
397,160,200,120,120,40,4,5,5,5,1,3,4,4,3,2,5,5,5,5,3,5,5,5,5,5
398,200,40,40,120,0,5,5,5,5,2,3,4,2,3,1,4,5,5,5,0,5,5,5,5,5
399,160,160,160,160,80,5,5,5,5,3,2,3,3,2,1,2,4,3,3,4,4,4,5,4,3
400,120,200,160,120,80,3,4,4,3,2,3,2,3,2,1,4,5,5,4,2,4,4,3,3,4
401,160,120,120,120,120,3,3,3,3,2,2,3,2,3,1,3,4,4,3,2,4,5,5,4,5
402,160,160,200,160,160,4,3,2,3,2,3,2,2,3,1,5,5,5,5,5,5,5,5,4,4
403,80,40,40,80,0,2,2,2,2,0,2,1,2,1,0,2,2,2,2,0,0,0,0,0,0
404,0,0,0,0,0,2,2,2,2,2,2,1,3,2,0,2,3,2,2,2,1,2,2,1,3
405,120,120,120,120,120,3,2,3,4,1,2,3,1,2,0,2,2,2,2,1,1,1,1,1,2
406,120,40,40,120,40,2,3,3,3,2,3,2,4,3,1,2,3,2,2,2,2,3,3,2,3
407,120,80,80,80,40,3,3,3,4,1,3,2,1,4,0,2,3,3,3,0,5,5,5,5,5
408,0,0,0,0,0,3,2,2,3,2,3,2,1,3,0,3,4,4,3,3,2,3,3,2,3
409,160,120,160,160,40,3,5,4,4,2,2,3,2,1,3,2,3,3,3,2,2,3,3,3,2
410,80,80,120,80,80,4,2,3,4,0,2,3,3,2,1,3,5,5,3,2,4,4,3,3,4
411,160,160,120,160,160,3,4,3,3,5,3,2,3,3,1,3,2,2,2,2,2,4,3,2,3
412,160,160,120,160,80,4,5,5,5,4,2,4,3,3,1,4,5,5,4,5,5,5,5,5,4
413,80,80,80,80,80,3,2,2,3,1,1,2,3,2,0,2,2,2,2,2,0,0,0,0,0
414,200,120,120,120,80,4,4,3,3,2,5,4,3,5,2,5,5,5,5,5,5,5,5,5,5
415,120,160,160,120,80,4,5,4,4,3,2,4,3,3,2,3,4,4,4,4,2,3,2,3,2
416,120,120,120,120,120,4,3,4,4,0,2,3,4,3,0,4,3,3,4,0,4,3,4,3,3
417,80,120,120,120,80,3,2,2,2,1,2,3,2,3,1,2,4,3,3,3,3,4,4,3,4
418,160,200,160,160,200,5,5,5,5,5,3,2,4,3,1,4,5,5,4,5,5,5,5,5,5
419,80,120,80,80,80,3,4,3,3,3,2,3,2,3,4,3,4,3,3,3,3,3,4,3,4
420,160,120,120,160,80,3,2,2,3,1,2,3,1,2,0,3,2,2,2,0,2,4,2,2,0
421,120,160,160,160,200,3,5,5,5,5,4,3,3,2,1,2,4,4,3,4,1,2,3,1,2
422,120,120,120,120,0,3,2,2,3,1,3,2,1,3,0,2,2,2,2,0,3,3,3,3,3
423,160,120,120,160,120,4,3,3,4,0,2,3,3,2,0,5,5,5,5,5,5,5,5,5,5
424,120,120,120,120,120,3,4,3,3,2,2,3,4,3,1,3,4,4,4,2,3,3,3,3,2
425,120,120,160,120,160,5,5,5,5,5,3,2,4,3,1,3,4,4,4,4,5,5,5,5,5
426,160,120,120,160,40,2,2,2,2,2,2,3,1,2,0,2,2,2,2,1,0,0,0,0,0
427,160,200,160,160,160,4,5,5,5,5,3,2,4,3,1,5,5,5,4,5,4,4,3,3,3
428,120,120,120,120,80,4,4,4,3,2,3,2,3,2,1,3,4,4,3,2,3,3,3,2,2
429,120,120,120,120,120,3,2,2,3,0,3,2,4,3,1,3,4,5,4,1,5,5,5,4,4
430,200,160,200,160,0,4,3,3,4,0,3,2,2,3,1,2,3,3,2,1,3,4,4,3,4
431,120,80,80,80,80,3,4,4,3,5,3,2,3,3,4,3,5,5,4,5,5,5,4,4,4
432,160,120,120,120,80,3,2,2,2,0,3,4,3,2,4,3,4,4,3,1,5,5,5,5,5
433,160,160,160,160,0,5,5,5,5,0,3,4,4,3,2,5,5,5,5,0,5,5,5,5,5
434,160,200,200,200,200,4,5,5,5,5,2,4,3,3,5,4,5,5,4,5,4,3,4,3,4
435,160,160,160,120,80,4,5,5,4,2,2,4,3,3,1,3,4,3,3,2,5,5,5,5,5
436,160,80,40,80,40,2,2,2,3,0,2,3,3,2,1,2,1,2,2,1,2,2,2,2,1
437,120,120,120,120,120,4,5,5,5,2,2,3,4,3,0,3,4,4,3,4,4,5,4,4,5
438,160,120,120,120,0,2,2,2,3,0,2,3,4,3,0,2,2,2,2,0,4,3,3,3,1
439,120,120,120,160,120,3,5,4,4,5,3,2,4,3,2,2,4,4,4,4,0,2,2,0,2
440,120,80,80,120,80,2,2,2,2,1,2,1,1,2,0,2,2,2,2,1,4,3,3,3,3
441,120,120,160,160,120,3,4,4,4,5,3,2,1,3,4,2,4,4,3,4,3,3,4,3,3
442,120,160,120,120,160,3,4,4,2,5,2,4,3,3,1,3,4,4,4,4,3,4,3,2,3
443,0,0,0,0,0,2,1,3,2,1,0,2,1,1,0,2,1,2,2,1,0,0,0,0,0
444,120,0,160,120,80,4,4,3,4,0,2,3,2,3,1,3,3,3,3,0,5,5,5,4,4
445,80,40,40,40,0,2,0,2,2,0,2,1,2,3,1,2,1,1,2,1,0,0,0,0,0
446,80,80,80,120,120,2,2,2,2,2,0,1,2,1,1,2,2,2,2,2,1,1,1,1,2
447,160,40,40,160,0,4,2,4,4,3,3,2,3,2,4,3,4,4,3,4,3,4,3,3,3
448,80,120,120,80,80,3,4,4,5,3,2,4,3,2,5,2,2,2,2,2,2,2,2,2,3
449,160,40,40,160,40,4,3,3,4,1,2,4,3,2,1,4,4,4,4,0,4,5,5,4,4
450,200,200,200,200,200,4,5,5,4,0,3,2,4,3,0,5,5,5,5,3,5,5,5,5,5
451,160,160,160,160,80,4,5,5,4,3,2,4,3,3,1,5,5,5,5,5,4,5,5,5,5
452,0,0,0,0,0,3,2,3,3,4,2,1,1,2,0,2,1,1,2,1,0,0,0,0,0
453,160,160,160,160,160,4,5,5,5,5,3,2,2,3,1,4,5,5,5,5,5,5,5,5,4
454,160,160,120,160,0,3,2,3,2,0,2,3,2,1,0,2,1,2,2,1,0,0,0,0,0
455,120,160,120,120,120,4,5,5,5,2,3,2,4,3,1,4,5,5,5,5,5,5,5,4,4
456,160,40,40,200,40,4,5,5,5,5,3,2,1,3,0,4,5,5,5,5,4,5,5,4,5
457,0,0,0,0,0,3,4,4,4,3,2,4,3,2,1,3,4,3,3,2,2,3,2,2,2
458,200,160,120,160,40,4,3,3,4,0,2,1,1,2,0,4,4,3,4,2,3,3,3,2,2
459,120,200,120,160,0,3,4,4,4,0,2,3,3,2,1,3,3,3,2,0,5,3,3,3,0
460,120,80,120,80,80,3,5,4,4,2,3,2,1,3,4,3,3,3,3,2,2,1,2,2,1
461,160,80,80,0,0,4,3,4,4,0,2,3,3,2,0,5,5,5,5,5,5,4,4,4,3
462,160,120,120,160,160,4,4,4,4,5,3,2,2,1,4,4,5,5,5,5,4,4,3,3,2
463,80,120,120,120,80,3,4,2,3,0,2,3,3,3,2,3,4,5,4,3,4,3,4,3,3
464,80,80,80,80,120,4,4,3,3,2,2,3,3,2,1,3,4,4,3,2,3,4,3,3,2
465,160,120,80,80,120,4,3,3,3,0,2,3,2,3,1,5,5,5,5,5,3,3,3,3,0
466,160,160,120,120,120,4,5,5,4,5,2,3,3,2,2,4,5,5,5,5,4,4,4,4,4
467,120,120,120,120,40,4,5,5,4,4,2,3,3,2,1,3,5,5,3,4,5,5,5,5,5
468,200,200,160,160,120,5,4,4,5,2,2,3,4,3,0,2,4,3,3,3,5,5,5,4,5
469,160,120,120,160,160,4,2,2,3,2,2,3,1,2,0,2,3,3,2,1,2,4,3,4,4
470,160,120,160,200,120,4,4,4,4,2,3,4,3,2,1,5,5,5,5,5,4,5,5,4,5
471,40,40,40,40,40,4,3,2,3,4,2,1,2,1,0,2,2,2,2,0,3,2,2,1,2
472,80,120,120,120,160,2,3,2,2,4,2,4,3,2,5,2,2,2,2,3,2,3,2,1,3
473,160,200,120,160,120,5,5,4,5,3,3,2,4,3,3,4,5,5,5,5,4,4,4,4,4
474,160,160,160,120,80,4,2,2,3,0,2,3,2,2,1,5,5,5,5,5,4,3,3,3,2
475,0,0,0,0,0,5,2,3,4,2,2,1,3,2,0,4,2,2,4,1,2,2,3,2,2
476,120,120,160,160,40,4,3,4,4,2,3,2,4,3,0,4,5,5,5,5,4,4,5,5,5
477,160,200,120,120,0,3,4,3,3,0,3,4,2,3,1,3,3,2,2,0,5,5,5,5,5
478,120,40,80,80,80,1,2,3,2,1,2,1,2,3,2,3,4,3,2,3,1,1,1,1,2
479,120,120,120,200,200,4,4,4,4,4,2,3,2,1,0,4,5,5,5,5,3,4,3,3,4
480,120,120,120,120,80,5,2,2,3,0,2,3,2,1,2,4,4,4,4,0,5,5,4,4,3
481,160,120,80,120,40,4,3,4,5,2,3,2,4,3,5,5,5,5,5,4,5,0,0,5,0
482,200,40,40,200,40,5,4,5,5,5,2,1,3,2,0,5,5,5,5,3,3,4,4,3,4
483,160,200,200,120,0,4,5,5,4,2,1,2,3,4,0,4,4,5,5,2,5,5,5,5,5
484,120,120,120,120,80,3,3,3,2,3,3,2,1,4,0,3,4,5,4,3,3,5,5,4,5
485,200,200,200,200,200,4,5,5,4,2,3,4,2,3,0,5,5,5,5,0,5,5,5,5,5
486,80,120,80,40,80,3,4,3,2,0,2,1,1,2,0,3,3,4,3,0,2,2,2,2,2
487,120,120,80,80,40,3,2,1,2,1,2,1,2,1,0,2,2,2,2,0,3,3,2,2,2
488,80,200,80,120,0,2,3,2,2,0,2,3,1,3,0,1,2,2,2,0,1,1,1,1,1
489,120,40,40,120,40,2,0,2,3,2,2,0,1,3,0,2,1,1,2,2,0,1,0,1,0
490,120,200,120,120,160,4,5,5,5,5,2,4,3,4,5,3,4,4,3,4,4,4,4,3,4
491,200,200,200,200,200,5,4,5,5,5,3,4,4,3,2,4,5,5,5,5,5,5,5,5,5
492,160,200,200,200,160,5,5,5,5,2,3,4,4,3,2,5,5,5,5,2,4,5,5,4,4
493,200,200,200,160,160,5,5,5,5,5,3,4,4,3,2,5,5,5,5,5,5,5,5,5,5
494,120,120,120,80,80,3,3,4,4,2,2,3,2,1,2,2,3,2,2,0,2,3,3,2,1
495,160,40,40,200,40,5,4,4,5,2,4,3,3,2,1,3,4,4,4,5,5,5,5,5,5
496,120,120,120,120,80,4,4,4,5,2,3,4,3,2,1,5,5,5,5,2,5,4,3,4,2
497,120,160,120,120,80,3,4,3,4,2,2,3,1,2,0,3,3,3,3,2,4,4,3,3,4
498,160,120,160,120,160,4,5,5,4,2,3,2,4,3,2,5,5,5,5,5,5,5,5,5,5
499,160,160,160,120,0,4,4,3,3,2,2,4,3,3,1,4,4,4,4,1,0,0,0,0,0
500,160,120,160,160,160,4,5,4,4,5,3,2,4,3,0,3,4,5,5,2,4,4,4,3,3
501,200,200,200,200,0,5,5,5,5,2,2,4,3,4,0,5,5,5,5,5,3,5,4,4,4
502,160,40,40,160,40,3,4,3,4,3,2,1,2,3,0,4,5,5,4,5,2,3,3,2,3
503,80,80,80,80,80,2,2,2,2,2,2,1,2,1,0,3,3,2,3,3,3,2,3,2,0
504,120,120,80,80,80,3,2,3,3,1,2,3,2,3,1,2,2,2,2,0,0,0,0,0,0
505,120,120,160,120,0,4,5,5,4,0,4,3,3,2,1,3,5,5,4,0,5,4,4,4,3
506,200,200,200,200,200,4,3,3,4,1,3,2,1,2,0,4,5,5,5,5,5,5,5,5,5
507,120,120,120,160,160,3,2,3,3,2,2,3,1,3,4,4,4,4,3,2,3,3,3,3,3
508,0,0,0,0,0,2,2,0,2,0,1,2,3,2,0,2,2,2,2,0,0,0,0,0,0
509,80,80,80,80,80,3,4,3,3,4,2,4,3,3,1,2,3,3,3,3,3,4,3,3,3
510,160,200,200,160,160,5,5,5,5,2,3,4,3,4,2,5,5,5,5,2,5,5,5,5,4
511,160,120,80,120,80,4,5,5,5,5,3,4,3,2,1,4,5,5,5,5,3,4,4,3,4
512,160,200,200,200,0,4,5,5,5,2,3,4,5,4,2,5,5,5,5,3,4,5,5,4,4
513,160,200,160,160,160,5,5,5,5,0,3,2,4,3,0,4,5,5,5,2,5,5,4,4,3
514,80,160,120,200,160,2,3,3,3,3,2,3,2,1,4,3,4,3,3,3,2,3,2,2,2
515,200,200,200,200,0,4,3,2,4,0,3,4,3,2,1,5,5,5,5,2,4,4,4,4,4
516,120,160,120,160,120,4,4,5,5,4,2,3,4,3,1,3,4,4,3,3,4,5,5,4,4
517,80,40,80,80,80,2,2,2,2,3,2,4,3,2,4,2,3,2,2,3,1,1,1,1,1
518,160,120,160,160,120,3,4,2,2,4,2,3,2,1,0,2,2,2,2,1,2,2,2,2,2
519,160,120,120,120,200,4,4,3,4,5,3,2,3,2,1,3,4,4,4,4,3,4,3,2,4
520,80,40,40,160,40,3,3,3,3,5,2,1,1,2,0,3,4,3,3,4,3,3,3,3,3
521,80,80,80,80,80,2,2,2,1,0,2,1,2,3,0,3,2,3,2,0,3,2,3,2,0
522,160,160,120,160,160,4,4,4,5,5,2,3,2,1,2,3,4,4,4,4,4,5,4,3,4
523,80,40,40,120,40,0,2,2,2,0,2,1,1,1,0,1,2,1,1,0,0,0,0,0,0
524,160,120,160,160,0,4,4,4,5,2,3,2,4,3,1,5,5,5,5,2,5,5,5,5,4
525,120,120,120,120,80,3,3,4,2,2,0,1,1,2,0,3,4,4,3,4,0,0,0,0,0
526,120,80,80,80,40,4,5,4,3,4,2,3,4,3,2,4,4,4,4,5,2,3,3,3,3
527,160,120,120,120,40,4,4,4,3,2,3,4,4,3,2,3,4,4,4,5,5,5,5,5,5
528,120,120,80,120,200,3,4,4,3,4,2,4,3,2,3,3,4,4,4,3,1,2,1,1,2
529,160,120,160,160,120,4,4,4,4,2,2,3,4,3,2,5,5,5,5,5,5,5,5,5,5
530,80,120,80,120,80,4,5,5,5,2,3,2,4,3,2,3,4,4,2,3,4,5,4,4,3
531,160,160,160,160,120,3,4,4,3,3,2,3,2,3,1,4,5,5,4,5,3,3,3,3,4
532,160,160,160,160,80,4,4,4,4,5,3,2,3,3,1,4,5,5,5,5,3,3,3,3,4
533,120,80,80,80,120,2,5,4,2,5,3,2,4,3,1,3,4,4,3,4,1,1,2,1,2
534,120,80,80,80,40,3,5,5,5,3,2,3,3,3,4,4,5,5,4,5,3,4,3,2,3
535,160,120,120,160,120,4,4,4,4,4,3,4,2,3,1,3,4,5,4,5,5,5,5,4,5
536,160,40,40,200,40,4,2,2,4,0,5,4,3,4,2,5,5,5,5,4,5,5,4,4,5
537,160,200,160,120,120,4,5,5,4,5,3,2,4,3,1,4,5,5,4,4,5,5,4,4,4
538,120,120,80,120,40,3,2,2,3,0,0,1,2,3,1,3,2,2,2,0,2,2,2,2,2
539,160,120,160,160,120,3,4,4,3,0,2,3,1,2,0,3,2,2,2,1,3,4,3,3,3
540,120,120,200,120,80,3,4,4,3,5,2,3,4,3,2,4,5,5,4,5,2,3,2,2,3
541,0,0,0,0,0,3,2,2,2,2,2,1,2,1,0,2,2,2,2,2,0,0,0,0,0
542,0,0,0,0,0,2,2,2,2,0,1,2,3,2,0,1,1,1,1,0,0,0,0,0,0
543,120,120,120,120,0,4,3,3,4,2,2,3,3,2,0,3,3,3,3,0,5,4,4,3,4
544,120,200,160,160,0,5,3,5,5,0,2,4,3,2,0,5,5,5,5,0,4,5,5,4,5
545,0,0,0,0,0,4,4,4,4,2,3,2,4,3,1,3,4,4,4,2,4,2,3,4,2
546,120,160,160,120,120,4,5,5,4,5,3,4,4,3,2,4,5,5,5,5,3,4,4,3,4
547,120,40,40,120,0,2,2,2,2,0,2,3,2,1,0,3,2,2,2,0,1,1,1,1,1
548,200,40,40,160,40,4,2,2,4,0,3,4,3,4,5,5,4,5,5,3,4,5,4,4,4
549,120,200,120,160,120,4,3,4,3,5,2,3,4,3,1,3,4,4,3,4,2,2,2,2,2
550,120,120,120,160,160,4,4,4,4,5,3,4,2,3,1,4,5,5,4,5,2,3,3,2,3
551,120,160,120,160,120,2,4,3,3,2,2,3,2,3,0,3,4,4,4,3,2,3,3,2,3
552,120,80,80,120,0,2,2,2,2,0,2,1,1,2,0,3,2,2,2,0,3,3,2,2,2
553,160,160,120,120,120,4,3,2,3,4,3,2,3,2,1,4,4,4,4,4,3,4,4,3,3
554,120,200,120,160,0,3,4,4,3,0,2,3,2,1,0,3,4,3,3,0,2,4,4,3,2
555,160,160,200,160,120,4,5,5,5,4,3,4,2,4,1,4,5,5,5,4,4,5,5,5,4
556,160,120,200,200,80,4,5,5,4,3,3,4,2,3,1,4,5,5,5,5,5,5,5,5,5
557,80,80,80,120,80,3,3,3,3,5,0,1,2,3,4,2,2,2,2,3,1,0,1,0,2
558,120,80,80,80,40,2,3,3,2,1,2,1,1,2,0,2,4,2,2,4,2,2,3,2,4
559,120,40,40,120,40,3,1,2,2,1,2,1,3,2,0,2,2,2,2,3,0,0,0,0,0
560,200,160,200,160,160,5,5,5,5,4,2,4,3,3,5,4,5,5,5,5,4,4,5,4,5
561,160,160,160,160,120,5,5,5,5,2,4,4,4,4,3,4,4,4,4,4,3,4,5,4,5
562,120,120,120,120,0,2,2,2,2,0,2,3,3,2,1,2,2,2,2,0,1,2,2,1,2
563,120,40,40,80,0,3,2,2,3,0,2,4,3,3,0,2,2,3,2,0,2,4,4,3,0
564,200,120,120,160,160,3,2,2,3,2,2,3,2,3,4,4,5,5,5,3,5,5,5,5,5
565,160,160,120,120,80,4,3,4,3,2,2,1,1,1,0,3,4,4,4,4,4,4,3,3,4
566,120,120,120,120,120,3,4,3,2,4,3,4,4,3,2,3,5,5,4,4,3,4,3,3,4
567,80,120,80,80,0,2,2,2,2,0,2,3,1,3,2,2,2,2,2,1,0,0,0,0,0
568,200,120,200,160,120,5,5,5,5,5,3,4,3,4,2,5,5,5,5,5,5,5,5,5,4
569,120,120,160,120,40,3,2,2,2,1,2,1,1,2,0,3,4,4,4,4,1,1,1,1,0
570,120,120,120,160,120,2,3,4,3,3,2,3,2,1,4,2,3,3,3,2,3,4,2,3,2
571,160,200,160,200,0,5,5,5,5,3,2,1,3,4,0,5,5,5,5,5,3,1,4,3,4
572,160,40,40,120,0,4,2,2,3,0,2,3,4,3,1,3,2,2,2,1,3,3,3,3,3
573,160,120,160,120,160,4,5,5,5,5,3,4,3,2,5,4,5,5,5,5,4,5,5,4,5
574,120,120,120,120,40,2,2,2,2,2,2,3,1,2,0,3,2,2,3,1,3,2,3,1,3
575,120,120,120,120,120,4,5,4,4,2,3,4,2,3,1,3,4,4,4,4,4,3,3,4,4
576,200,200,200,120,80,5,5,5,5,2,3,2,3,2,1,5,5,5,5,5,3,4,3,4,3
577,200,200,200,200,200,4,4,4,4,2,2,3,3,2,1,2,3,4,4,3,4,4,4,4,4
578,160,40,40,120,0,4,3,3,4,0,3,1,2,4,0,3,4,4,4,2,5,5,4,4,3
579,160,160,200,160,160,4,5,5,4,5,3,2,3,4,1,4,5,5,5,5,5,5,5,5,5
580,120,120,120,120,40,2,2,2,2,0,2,3,1,2,0,3,3,3,3,1,3,4,4,3,3
581,120,120,120,120,80,3,2,2,3,0,1,2,3,2,0,2,2,3,3,0,0,0,1,0,0
582,160,40,40,120,40,2,2,3,2,2,3,2,1,3,0,2,2,2,2,1,2,0,2,2,0
583,200,200,200,200,200,5,5,5,5,2,2,3,3,2,1,4,5,5,5,5,5,5,5,4,5
584,120,120,120,120,80,2,2,3,1,0,3,4,3,2,1,2,2,2,2,0,4,3,3,3,3
585,200,120,160,200,80,5,4,5,5,3,2,1,2,1,0,5,5,5,5,5,4,5,4,4,5
586,160,200,200,160,200,3,5,4,3,5,3,4,3,2,1,4,5,5,5,5,5,5,4,3,5
587,160,40,40,120,0,4,2,3,3,4,3,2,4,3,5,4,4,5,5,5,3,4,4,3,4
588,200,40,40,120,40,4,2,2,3,4,3,2,1,2,0,4,4,4,4,2,5,5,5,5,5
589,160,200,160,120,160,4,5,3,5,5,2,3,2,1,4,4,5,5,5,5,4,4,3,3,4
590,120,120,80,120,120,4,5,4,4,2,3,4,3,2,1,4,4,4,4,3,4,5,4,4,5
591,200,80,120,120,0,4,5,2,3,0,2,4,3,3,0,4,5,5,5,5,4,5,5,4,5
592,120,120,120,120,120,4,3,3,3,2,2,4,3,2,3,3,3,3,3,3,3,2,3,3,3
593,160,200,120,120,120,4,5,5,4,5,3,4,5,3,2,4,5,5,5,5,5,5,5,5,5
594,0,0,0,0,0,2,2,2,2,0,2,1,1,1,1,2,2,2,2,0,0,0,0,0,0
595,120,120,120,120,80,2,3,2,1,0,3,1,2,4,0,3,3,3,3,0,2,3,3,2,3
596,120,80,80,80,80,3,2,2,4,2,3,2,1,2,0,3,2,2,2,1,2,1,1,1,1
597,160,200,160,120,0,4,4,4,4,2,2,3,2,3,1,3,3,3,3,0,4,3,3,2,3
598,80,120,120,120,80,5,5,5,5,2,3,2,1,3,0,5,5,5,5,3,4,3,4,4,3
599,120,120,120,120,0,2,2,2,2,0,2,3,4,3,2,2,2,2,2,0,2,3,3,2,2
600,120,120,120,120,120,3,4,3,3,3,3,2,4,3,1,3,4,4,4,4,3,3,3,2,3
601,120,160,160,160,120,4,2,3,4,2,3,4,2,3,1,3,4,4,3,4,5,5,5,4,5
602,120,120,80,80,120,2,4,3,1,0,2,1,3,4,0,3,3,2,2,0,0,0,0,0,0
603,120,120,120,120,120,4,3,2,3,2,3,2,1,2,0,4,3,4,4,2,2,1,2,2,1
604,40,40,40,40,40,3,2,2,2,0,2,1,1,2,0,2,2,2,2,1,2,2,1,1,2
605,120,120,160,160,0,4,5,5,5,5,3,2,4,3,5,3,4,4,3,4,5,4,5,5,5
606,120,160,120,120,120,3,5,4,2,5,2,3,2,3,4,2,4,3,2,3,0,2,1,1,2
607,0,40,0,0,0,2,4,4,3,5,2,1,1,1,0,3,4,4,3,4,2,2,2,2,2
608,80,40,40,120,40,2,2,2,2,0,3,2,1,3,2,1,2,2,2,0,1,1,1,1,1
609,200,200,200,160,200,5,5,5,5,5,2,1,2,1,0,4,5,5,5,5,3,4,4,3,4
610,80,80,80,80,80,2,3,2,2,0,2,3,3,2,1,3,4,3,3,2,5,3,3,2,4
611,160,40,40,120,40,3,2,2,3,2,2,3,2,1,0,2,2,2,2,3,0,1,1,0,1
612,80,80,80,80,0,4,5,5,3,0,3,2,4,3,0,3,4,4,3,1,4,5,5,4,4
613,120,160,160,120,160,2,4,4,2,2,2,3,1,2,0,2,4,4,3,4,2,3,3,2,3
614,160,80,160,160,120,4,3,4,5,2,2,1,3,2,0,3,1,2,3,1,3,4,3,3,3
615,120,160,120,120,80,3,2,2,3,2,2,1,1,2,0,2,2,2,2,2,4,3,3,3,4
616,120,120,120,120,120,2,2,2,2,0,2,1,2,1,0,2,2,2,2,1,2,3,2,1,0
617,120,80,80,120,80,2,3,2,3,2,2,3,2,3,2,3,2,3,2,1,2,4,3,2,4
618,120,80,40,80,80,2,3,2,2,2,2,3,3,2,0,2,2,2,2,2,1,1,1,2,1
619,120,200,120,120,0,4,5,5,4,0,2,4,3,3,0,5,5,5,5,0,5,5,5,5,5
620,160,200,160,120,0,5,5,5,5,0,3,4,3,4,2,4,4,5,5,2,5,5,5,4,4
621,0,0,0,0,0,3,2,2,3,0,2,1,1,2,0,3,3,3,3,0,0,1,2,3,4
622,160,40,40,160,40,4,4,3,3,2,2,3,2,1,0,3,3,3,3,2,4,5,4,3,3
623,120,120,80,120,80,4,2,2,3,2,3,2,2,3,1,5,5,5,5,2,3,4,3,3,3
624,120,160,160,160,200,4,5,5,5,5,3,4,2,4,1,4,4,4,4,5,5,5,5,4,5
625,200,120,120,120,0,4,3,2,4,0,2,4,3,3,1,4,4,4,4,2,2,4,4,3,4
626,80,80,80,80,80,3,4,4,3,4,3,4,3,3,2,3,4,4,3,2,4,4,5,3,4
627,80,120,120,80,80,4,2,2,3,0,2,1,2,3,0,4,2,3,3,2,4,5,4,3,3
628,160,120,120,120,160,4,5,4,4,2,3,4,4,3,2,4,5,5,5,5,3,3,3,3,3
629,80,80,80,40,0,3,2,2,2,0,2,1,3,2,0,3,3,4,4,1,4,5,4,3,4
630,160,120,120,120,80,2,1,2,1,0,2,1,1,2,0,2,2,1,2,2,1,1,1,1,1
631,40,40,40,40,0,2,2,2,1,0,2,1,1,1,0,1,2,1,1,2,0,0,0,0,0
632,80,120,80,80,80,2,2,2,2,0,1,2,3,2,0,2,2,2,2,0,0,2,1,0,1
633,160,160,160,120,0,5,4,5,5,2,3,4,3,4,2,4,5,5,5,4,3,4,4,3,3
634,160,120,120,120,0,3,4,4,3,2,3,2,1,2,0,3,2,2,2,0,2,2,1,1,0
635,120,200,120,120,160,3,4,4,3,4,2,3,3,2,1,3,4,3,3,3,1,1,2,2,3
636,120,120,120,120,80,3,4,4,3,5,3,4,3,2,1,4,4,4,4,4,5,5,5,5,5
637,160,160,120,120,0,2,2,2,3,0,2,3,2,3,1,3,2,2,2,0,2,2,2,2,1
638,0,0,0,0,0,3,3,4,3,4,2,3,2,1,0,2,3,2,2,1,2,2,2,2,2
639,120,80,80,120,40,3,2,3,2,0,3,2,4,3,0,3,3,2,2,0,1,1,1,1,1
640,160,160,120,160,160,3,4,3,3,2,2,3,1,2,0,3,4,3,3,2,3,3,2,2,3
641,160,120,160,160,120,4,5,5,4,5,3,4,3,2,1,5,5,5,5,5,3,3,3,3,3
642,120,160,160,120,160,4,5,5,4,5,3,4,4,3,2,3,4,4,3,4,5,5,5,5,5
643,120,120,120,120,160,2,3,2,2,4,2,3,1,2,0,3,4,3,2,1,2,2,1,1,1
644,120,200,160,200,160,5,5,5,5,4,5,4,4,3,2,5,5,5,5,5,5,5,5,5,5
645,120,120,120,120,120,4,2,2,4,0,3,4,3,4,5,5,5,5,5,4,5,5,5,5,5
646,160,200,160,160,200,4,5,5,5,4,2,4,3,3,2,4,5,5,5,5,3,3,3,3,2
647,160,120,120,160,40,4,4,3,4,0,2,3,4,3,2,4,4,4,4,3,4,3,3,3,0
648,80,80,80,80,80,2,2,2,2,2,2,1,1,2,0,2,2,2,2,0,1,2,1,1,1
649,120,80,80,120,40,3,4,3,2,0,2,3,1,2,0,4,4,4,4,2,3,2,3,2,2
650,120,120,160,120,0,3,3,3,4,0,2,3,2,3,1,4,4,4,4,2,3,4,4,3,2
651,160,120,120,120,40,1,2,2,2,2,2,1,1,1,0,2,2,2,2,2,0,0,0,0,0
652,120,40,40,120,40,3,4,4,3,5,2,3,2,2,1,2,2,3,2,1,2,2,2,2,1
653,120,80,80,80,80,2,2,2,2,3,2,1,1,2,0,2,1,1,2,1,0,0,1,1,2
654,120,120,120,160,120,4,5,5,4,3,3,4,2,3,1,4,4,4,4,4,4,3,3,3,3
655,120,120,120,120,80,4,4,4,4,4,3,4,2,3,1,4,5,5,5,5,4,4,4,4,5
656,160,120,160,160,120,4,5,5,5,4,3,4,3,2,1,3,4,4,3,4,4,5,5,4,5
657,160,120,160,160,0,5,4,3,5,0,3,2,4,4,0,4,4,4,4,0,3,4,4,3,3
658,200,200,200,200,200,4,5,5,5,4,3,4,3,2,3,4,5,5,5,5,5,5,5,5,5
659,120,120,160,160,0,4,3,3,4,0,2,3,3,2,4,5,5,5,5,0,5,5,5,5,4
660,200,200,200,200,160,5,5,5,5,5,4,5,5,4,3,5,5,5,5,5,5,5,5,4,5
661,200,200,160,160,120,5,5,5,5,5,4,5,4,3,2,4,5,5,5,5,5,5,5,5,5
662,120,120,120,160,80,4,3,3,5,0,2,1,2,2,0,4,4,4,4,0,4,3,4,3,1
663,80,80,80,80,0,4,3,3,4,0,3,2,1,3,0,3,2,2,2,0,3,2,3,3,0
664,120,120,120,120,0,4,5,5,4,2,3,1,2,1,0,3,4,4,4,4,3,3,3,3,4
665,120,120,160,160,160,4,5,5,5,5,2,3,2,3,1,4,4,4,4,3,5,5,5,5,5
666,160,120,160,160,120,4,5,4,4,3,2,3,3,3,1,4,5,5,4,2,2,3,2,2,2
667,160,200,200,160,160,4,4,3,4,0,2,4,3,4,0,4,4,4,4,0,4,4,5,4,4
668,160,160,160,160,160,4,4,3,4,2,3,2,3,3,1,5,5,5,5,3,4,5,5,4,5
669,0,0,0,0,0,4,4,4,4,4,2,1,1,3,0,3,3,4,4,2,4,4,4,4,3
670,120,40,40,120,40,3,2,2,3,2,2,3,1,2,0,2,4,3,3,3,4,5,4,4,5
671,120,120,120,120,120,3,2,2,2,2,2,3,1,2,0,2,2,1,2,1,0,0,0,0,0
672,40,40,40,40,40,2,3,2,2,0,2,3,2,1,0,3,3,2,2,1,4,4,3,3,2
673,0,0,0,0,0,3,2,3,2,0,3,2,2,1,0,2,3,3,2,0,2,3,2,2,0
674,120,80,80,120,80,3,4,3,2,3,2,3,4,3,2,3,4,3,3,3,4,4,3,2,4
675,120,120,80,120,80,3,2,2,2,2,2,3,1,2,0,3,2,3,2,1,3,3,3,2,3
676,120,120,120,80,80,3,2,3,2,1,2,1,1,2,0,2,2,2,2,0,2,2,2,2,2
677,160,200,120,120,160,4,3,3,3,2,2,1,2,3,0,5,5,5,5,2,3,4,3,3,4
678,120,120,120,120,0,3,2,2,3,0,2,3,1,2,0,2,2,2,2,0,2,2,2,2,0
679,120,200,160,120,0,3,4,4,3,1,2,3,4,3,0,3,4,4,3,1,3,3,2,2,2
680,160,160,120,160,120,3,4,3,3,2,2,1,2,3,0,3,4,4,4,2,2,2,3,2,2
681,160,200,200,200,200,5,5,5,5,2,3,2,4,3,5,5,5,5,5,5,5,5,5,5,5
682,160,160,160,120,40,4,5,5,4,2,3,4,4,3,5,4,5,5,5,5,5,5,5,5,5
683,120,120,120,160,120,3,4,5,4,5,2,4,3,3,1,2,4,3,2,4,0,0,0,0,0
684,80,120,80,80,80,3,3,2,2,2,2,3,2,3,1,3,5,5,4,3,2,4,4,3,3
685,120,160,120,120,160,3,4,4,3,4,2,1,3,2,4,4,5,5,4,5,2,3,3,3,3
686,80,80,80,80,80,2,3,3,2,4,2,3,1,2,3,3,2,2,2,2,2,2,2,2,3
687,80,120,80,120,80,4,5,5,5,3,3,4,3,2,1,4,5,5,4,4,4,5,4,4,4
688,120,120,160,80,80,3,4,4,3,4,3,2,4,3,2,2,5,5,4,4,3,2,3,3,3
689,0,0,0,0,0,2,3,2,2,0,3,4,3,2,1,2,2,3,2,0,0,0,0,0,0
690,160,200,160,160,160,4,5,5,4,5,3,4,3,2,3,3,4,4,4,4,4,4,4,4,4
691,200,200,200,200,200,4,4,4,4,3,3,4,4,3,2,5,5,5,5,5,5,5,4,5,4
692,120,160,160,120,40,4,4,4,5,3,3,2,3,3,2,4,2,2,3,2,4,5,5,4,3
693,120,120,160,160,120,3,4,4,3,3,2,3,1,2,3,3,5,5,4,4,3,4,4,3,4
694,80,120,80,40,0,1,2,2,1,0,3,3,3,2,1,2,2,3,2,0,0,0,0,0,0
695,0,0,0,0,0,1,0,2,3,2,0,1,2,3,0,2,1,2,2,3,0,0,0,0,0
696,160,120,120,160,120,4,4,4,4,2,2,4,3,3,1,4,4,5,5,4,4,4,4,4,4
697,0,0,0,0,0,2,2,2,2,0,0,1,0,2,0,2,1,1,2,1,0,0,0,0,0
698,160,40,40,160,40,3,4,2,2,2,2,1,2,3,2,2,4,3,3,4,4,3,3,4,4
699,200,200,200,200,200,5,5,5,5,5,5,4,3,4,2,4,5,5,5,5,5,5,5,4,4
700,80,80,120,120,40,3,4,2,2,2,2,1,2,3,4,3,4,4,3,4,1,2,2,1,2
701,40,40,40,40,40,2,4,2,3,0,3,2,2,1,3,2,2,2,2,2,1,1,1,1,2
702,160,200,200,200,200,4,5,5,4,5,3,2,3,3,1,5,5,5,5,5,4,4,4,3,4
703,160,120,80,80,120,4,5,3,4,2,3,2,2,1,0,3,2,2,2,1,2,3,3,3,4
704,0,0,0,0,0,3,2,2,2,0,2,1,1,2,1,3,1,2,2,1,0,0,0,0,0
705,160,120,200,160,200,3,4,4,3,5,2,3,2,3,1,3,5,4,5,4,4,4,4,3,2
706,120,40,40,160,0,5,5,5,4,0,3,2,4,3,0,5,5,5,5,0,5,5,5,5,5
707,160,120,160,120,120,2,3,3,3,2,3,2,3,2,0,2,4,3,3,3,5,5,5,4,4
708,160,160,120,160,120,5,5,3,4,2,2,3,4,3,2,5,5,5,5,5,5,5,5,5,5
709,160,160,120,160,160,3,5,4,4,4,2,3,2,3,1,4,5,5,5,4,5,5,5,4,5
710,120,120,120,120,40,3,2,2,2,0,2,4,3,4,0,3,4,4,3,3,4,4,3,3,4
711,160,160,200,200,200,4,2,4,5,5,2,1,3,2,0,5,5,5,5,2,5,5,5,5,4
712,120,120,120,160,120,4,3,3,4,0,3,2,3,3,1,2,3,4,4,1,5,5,5,5,5
713,120,40,40,120,80,3,3,2,3,2,3,2,1,2,0,2,2,2,2,1,2,1,2,1,1
714,80,40,80,80,0,2,2,2,1,1,2,3,2,1,0,1,2,2,1,1,0,1,1,0,1
715,160,120,80,120,0,4,3,3,4,0,2,4,3,3,1,2,2,2,2,0,5,4,4,4,0
716,0,0,0,0,0,0,2,2,2,1,0,0,1,0,0,2,2,2,2,1,0,0,0,0,1
717,80,80,80,80,80,4,4,3,3,3,2,3,3,2,1,4,4,3,3,4,4,4,4,4,4
718,120,120,120,120,120,3,2,2,2,0,2,3,2,1,0,2,2,2,2,0,4,3,4,3,0
719,80,40,40,80,40,2,2,2,2,0,2,1,1,2,0,2,2,2,2,1,0,0,0,0,0
720,160,200,200,160,0,4,4,4,4,0,3,4,3,2,1,3,5,5,4,2,5,5,5,5,5
721,160,120,120,160,80,3,4,2,4,1,2,4,3,1,0,5,5,5,5,3,2,3,2,2,1
722,160,120,120,120,160,3,4,4,3,2,0,1,2,3,0,3,4,4,3,4,3,3,3,2,3
723,40,120,80,80,80,4,5,5,5,3,2,3,4,3,2,3,4,4,3,4,3,4,4,3,4
724,160,120,160,160,0,4,3,3,4,0,3,2,3,3,0,4,4,4,4,2,5,5,5,5,5
725,120,120,160,120,80,3,4,4,3,4,2,3,2,1,0,1,4,4,3,2,5,5,4,4,5
726,160,120,80,160,40,3,4,4,3,2,2,3,2,1,2,3,3,4,3,2,4,4,4,4,4
727,120,120,80,120,0,2,2,2,2,0,2,1,1,1,0,2,2,2,2,0,2,2,2,2,0
728,160,80,80,120,80,3,2,2,2,2,2,1,1,2,0,2,2,2,2,1,3,2,2,2,4
729,80,80,0,80,0,3,3,3,3,2,3,2,1,2,0,3,3,3,2,2,2,3,3,2,3
730,160,160,160,120,80,3,4,4,3,2,2,3,4,3,1,3,4,4,4,4,1,2,2,2,2
731,80,40,40,120,0,2,2,2,2,0,2,1,1,1,0,2,1,1,2,0,0,0,1,1,0
732,120,120,120,160,0,2,3,3,2,2,2,3,2,3,1,2,2,3,2,0,5,4,3,2,1
733,200,120,160,160,0,4,5,5,4,0,2,3,4,3,0,4,5,5,4,0,5,5,5,5,0
734,80,40,80,80,120,2,2,2,2,4,0,1,2,3,0,3,4,4,3,4,3,3,3,3,3
735,160,200,160,160,200,4,5,4,3,5,2,3,3,4,2,4,5,5,4,5,3,4,4,3,4
736,0,0,0,0,0,2,2,3,2,0,2,3,1,2,0,2,2,2,2,0,0,0,0,0,0
737,0,0,0,0,0,3,2,2,2,0,2,3,2,1,0,3,2,2,2,0,3,3,3,2,3
738,160,160,120,120,120,4,2,3,4,2,3,2,2,3,0,3,3,3,3,2,3,3,3,2,2
739,120,120,160,160,80,4,5,4,4,2,3,4,3,2,1,3,4,3,3,2,5,4,3,4,2
740,160,120,120,120,0,4,3,2,3,0,2,3,2,3,2,3,2,2,2,0,5,5,5,4,4
741,160,120,80,160,120,4,5,5,5,5,3,2,4,3,5,3,4,4,3,4,3,4,3,4,4
742,120,40,40,120,40,3,2,2,3,2,2,1,1,2,0,2,1,1,2,1,2,2,3,2,3
743,80,40,40,120,40,3,4,4,4,5,0,1,2,3,0,2,3,2,2,3,2,2,2,2,3
744,120,120,120,120,120,3,3,2,3,1,2,1,3,2,0,4,5,5,5,5,1,2,1,1,3
745,160,40,40,120,40,3,2,2,2,0,2,3,1,2,0,3,2,2,2,0,3,3,3,3,3
746,160,200,200,160,160,4,5,5,5,5,5,4,3,4,2,4,5,5,5,5,5,5,5,5,0
747,160,120,120,160,80,4,4,3,3,4,3,2,3,3,1,5,5,5,5,2,5,5,5,5,5
748,160,200,160,120,40,4,4,5,5,0,2,3,3,2,0,4,4,4,4,2,3,3,4,3,3
749,80,80,40,40,0,2,2,2,2,2,2,3,1,2,3,1,2,2,1,0,0,2,1,0,0
750,120,120,80,120,80,2,3,3,3,2,2,4,3,2,0,2,2,2,2,0,0,0,0,0,0
751,80,120,80,80,80,2,3,2,3,2,4,3,2,3,4,3,4,3,3,4,3,3,3,3,3
752,200,160,200,200,120,4,2,3,4,1,2,1,2,1,0,5,5,5,5,4,5,5,5,4,5
753,120,80,80,80,120,2,4,3,2,2,3,2,4,3,2,2,3,2,2,2,2,3,3,2,2
754,160,40,40,120,40,2,0,1,2,0,3,2,2,3,1,3,1,2,2,1,0,0,0,0,0
755,80,120,120,120,80,4,5,5,4,5,2,1,3,2,2,4,5,5,5,5,4,4,4,4,5
756,120,80,40,80,40,2,2,2,2,0,2,1,2,3,0,2,1,2,2,0,0,0,0,1,0
757,160,120,120,120,40,2,2,3,3,0,2,1,3,2,0,2,2,2,2,0,1,0,0,0,0
758,160,160,200,160,40,4,4,4,5,0,2,3,2,3,0,3,4,4,3,2,3,4,3,3,3
759,160,120,120,120,80,4,4,4,3,2,3,2,4,3,0,4,5,5,4,5,4,4,4,3,3
760,120,120,120,120,120,3,4,3,4,3,2,3,2,3,1,4,5,5,5,5,3,3,3,2,3
761,160,120,120,120,120,3,4,4,3,4,4,3,3,2,1,3,4,4,4,4,4,5,4,4,4
762,120,120,80,80,0,3,4,4,3,2,2,3,2,1,4,3,4,4,3,4,3,3,3,2,3
763,160,160,160,160,0,4,5,4,5,2,3,4,3,2,0,3,4,4,4,0,3,3,2,2,0
764,120,160,120,160,160,4,3,3,4,3,2,3,2,1,4,4,5,5,4,5,2,3,3,2,2
765,120,40,40,120,40,3,3,3,3,2,3,2,1,2,1,3,3,3,3,2,2,2,2,2,2
766,200,40,40,120,40,4,5,5,4,1,2,3,2,1,0,5,5,5,5,5,3,5,5,3,5
767,160,200,160,160,200,4,5,5,4,2,2,4,3,4,2,3,4,4,4,2,4,4,4,4,3
768,120,120,80,120,120,3,4,2,3,1,2,3,3,2,4,3,4,3,3,3,3,3,2,2,3
769,200,160,200,160,120,4,4,4,4,2,4,3,2,3,2,4,4,5,4,3,5,5,5,5,5
770,160,120,160,120,160,3,4,4,3,5,4,5,3,4,2,4,5,5,5,5,5,5,5,5,5
771,80,40,0,0,0,3,2,2,2,0,2,1,1,2,0,2,2,2,2,1,1,2,2,2,1
772,160,120,160,160,160,3,4,4,3,2,2,3,4,3,2,3,4,4,3,4,5,5,5,5,5
773,160,200,120,120,120,2,4,2,2,1,2,3,2,1,3,2,3,3,2,2,2,3,3,2,2
774,120,80,40,80,0,2,2,2,3,0,2,1,2,3,4,3,2,2,2,0,3,3,3,3,3
775,80,80,80,80,80,2,4,3,2,3,3,2,3,2,1,2,2,2,2,3,1,2,2,1,3
776,0,0,0,0,0,1,2,1,1,2,2,1,2,1,0,2,2,2,2,2,2,2,3,1,2
777,120,120,120,120,120,2,3,3,3,3,2,3,3,2,1,2,3,3,2,2,4,4,4,4,3
778,120,200,120,120,160,3,3,3,3,4,2,3,4,3,2,3,3,3,3,4,3,3,2,2,3
779,40,80,40,40,40,2,2,2,2,0,2,1,2,2,1,1,1,1,1,0,0,0,0,0,0
780,120,120,80,120,40,3,2,2,3,0,0,1,2,3,0,2,2,2,2,1,0,0,0,0,0
781,160,160,160,160,160,4,5,5,4,5,3,2,3,3,2,4,5,5,5,5,5,5,5,5,5
782,80,120,120,80,0,2,3,2,2,0,2,3,4,3,2,2,2,2,2,1,1,0,1,0,0
783,120,200,80,120,80,3,3,2,3,0,2,3,2,1,2,3,3,3,2,1,2,3,2,2,3
784,120,200,120,200,200,3,4,4,3,4,2,1,1,2,0,3,4,4,3,4,3,2,3,3,4
785,120,200,160,160,120,2,4,3,3,2,2,3,2,3,2,2,3,3,2,1,2,4,4,3,2
786,0,0,0,0,0,3,3,3,3,1,2,4,3,2,0,2,3,3,2,2,3,2,2,3,2
787,120,160,160,160,160,3,4,4,4,4,2,3,1,2,4,2,3,3,2,3,0,0,1,1,2
788,160,160,160,160,160,4,4,4,4,2,3,4,2,3,1,3,5,5,4,3,2,3,3,3,3
789,160,200,120,160,80,4,4,3,4,2,3,5,4,4,1,5,5,5,5,4,5,5,5,5,5
790,160,120,160,120,160,2,2,2,3,2,2,3,2,1,0,3,3,3,3,2,2,2,2,2,2
791,120,120,120,120,120,3,2,2,3,2,2,3,1,2,0,2,2,2,2,1,2,2,1,1,1
792,80,80,80,80,80,3,2,2,2,0,2,1,1,1,0,2,2,2,2,0,0,1,1,2,0
793,200,120,160,160,120,4,3,5,4,3,3,2,4,3,2,4,5,5,5,5,4,3,5,4,4
794,120,120,80,120,80,4,5,5,4,5,3,4,5,3,2,4,4,5,4,5,4,5,5,3,4
795,80,120,120,120,80,3,3,3,3,4,2,3,2,3,4,4,5,5,4,5,4,5,5,4,4
796,160,120,80,120,120,4,3,3,4,4,2,1,3,2,0,4,3,3,4,2,3,2,3,2,2
797,160,160,120,160,120,4,5,3,4,2,2,4,3,3,1,3,4,4,4,4,5,5,5,5,5
798,120,120,120,160,160,4,5,5,4,5,2,4,3,3,1,2,4,3,2,3,2,3,2,2,3
799,120,120,120,120,80,4,2,2,3,3,2,3,2,1,0,4,2,4,4,0,4,4,4,4,3
800,120,120,80,80,40,3,3,2,2,2,2,1,1,1,0,2,4,4,3,3,3,4,3,3,3
801,120,120,120,120,120,4,5,5,5,2,2,3,4,3,2,4,5,5,4,5,3,4,4,3,4
802,200,160,160,200,120,4,3,4,4,5,3,2,4,3,5,4,3,3,4,4,4,4,4,4,3
803,40,40,40,40,40,3,4,4,3,5,3,2,2,3,1,3,4,4,3,4,5,5,5,5,5
804,120,120,80,120,40,3,2,2,2,0,2,3,2,1,0,2,2,2,2,1,0,0,1,1,0
805,120,160,120,120,0,3,2,3,3,0,3,2,1,2,0,2,3,2,2,0,3,4,4,3,2
806,160,120,160,160,40,4,4,4,3,2,3,4,3,2,1,5,5,5,5,5,5,5,5,5,5
807,200,200,160,120,0,5,5,5,5,2,3,4,3,4,0,4,5,5,5,0,5,5,5,5,5
808,120,160,120,120,160,2,3,2,2,3,2,3,2,3,4,3,4,4,3,4,3,3,4,2,1
809,120,120,160,120,80,4,4,5,3,5,3,4,2,4,1,4,5,4,4,5,4,3,4,3,3
810,120,120,120,120,120,2,2,2,2,2,2,1,2,2,0,2,3,3,2,2,4,2,2,2,3
811,120,80,80,80,40,2,2,2,2,0,2,1,1,1,1,2,2,2,2,0,2,3,2,3,2
812,120,160,120,120,120,4,4,4,4,2,2,3,2,3,1,3,4,4,3,2,2,2,2,2,2
813,200,160,200,200,160,5,5,5,5,5,3,2,4,3,0,3,5,5,5,2,5,5,5,5,4
814,120,80,80,80,80,4,5,3,3,0,2,3,3,2,1,5,5,5,5,4,4,3,3,3,2
815,160,160,120,160,120,3,4,4,4,3,3,4,3,2,1,3,5,4,4,4,4,4,4,3,4
816,160,160,200,160,200,5,5,5,5,5,2,4,3,3,2,4,5,5,5,3,5,3,3,3,3
817,120,120,80,80,80,4,5,4,3,5,3,4,3,2,1,4,5,5,4,5,4,5,4,4,4
818,120,80,80,80,80,3,2,2,3,0,2,3,2,1,0,3,2,2,2,1,2,2,3,2,1
819,160,200,160,200,160,3,4,4,4,0,2,4,3,4,0,3,5,5,4,0,4,4,4,4,4
820,80,120,120,120,120,1,3,2,2,2,2,3,2,1,3,2,3,3,2,1,3,5,4,4,5
821,200,40,40,120,40,4,3,4,5,3,2,3,3,2,0,3,2,3,2,2,2,1,2,1,2
822,120,80,80,120,80,5,5,5,5,2,2,4,3,3,0,3,4,4,4,2,2,3,3,2,0
823,0,0,0,0,0,3,4,3,2,4,2,3,2,3,4,2,4,4,3,4,3,3,2,2,3
824,80,80,80,80,120,2,2,2,2,2,2,1,1,2,0,2,2,2,2,1,1,0,1,1,0
825,80,40,40,40,80,3,4,3,3,2,3,4,5,3,2,3,4,5,4,5,3,4,2,3,2
826,160,160,200,160,80,4,5,5,5,2,3,4,3,4,2,4,5,5,5,3,4,5,5,4,4
827,200,200,200,200,200,5,5,5,5,5,2,1,2,1,0,4,5,5,5,5,5,5,5,5,5
828,160,40,40,120,40,4,2,2,3,1,3,2,1,3,0,2,1,2,2,1,2,2,1,1,2
829,200,80,160,200,160,5,5,5,5,4,3,4,4,3,2,4,5,5,5,5,2,4,4,2,4
830,160,160,120,160,80,4,3,3,4,2,2,1,2,3,0,4,4,4,4,3,5,5,5,5,4
831,160,40,40,80,0,2,3,2,2,1,2,3,2,1,0,2,2,2,2,1,0,0,0,0,0
832,200,40,40,160,40,3,3,4,4,3,2,3,3,2,1,3,2,2,3,1,3,2,2,1,2
833,160,160,160,160,80,4,3,3,4,0,2,3,3,2,0,5,5,5,5,5,3,4,4,3,3
834,120,40,40,120,40,2,2,2,2,2,2,1,1,1,0,2,2,2,2,1,1,3,3,1,1
835,160,120,160,120,0,4,3,4,4,2,2,3,4,3,2,5,5,5,5,2,5,5,5,5,4
836,160,200,200,120,0,2,3,3,4,2,2,3,4,3,0,5,5,5,5,5,5,5,5,5,5
837,200,200,200,200,200,5,5,5,5,5,5,4,3,4,2,5,5,5,5,5,5,5,5,5,5
838,120,120,80,80,120,3,4,4,3,3,3,2,4,3,1,3,4,2,3,4,4,5,5,4,4
839,160,120,80,120,80,4,3,3,4,0,3,2,3,2,0,4,5,5,5,4,5,5,5,5,5
840,160,160,120,120,0,4,5,5,4,0,2,4,3,3,0,4,5,5,4,5,4,4,5,4,5
841,120,120,80,80,80,2,2,2,1,0,2,3,2,3,1,2,2,2,2,0,1,3,2,2,3
842,120,120,80,120,80,2,5,5,4,5,2,1,1,1,0,3,4,3,3,2,3,4,3,3,4
843,160,200,160,160,80,4,5,3,4,3,2,3,2,3,1,3,4,5,4,4,4,5,5,4,5
844,160,120,120,160,160,4,4,3,3,3,4,3,2,3,1,3,5,5,5,4,5,5,5,5,5
845,160,120,120,120,40,2,2,2,2,1,2,3,1,2,0,2,2,2,2,2,0,2,1,1,2
846,160,200,120,160,40,5,5,4,5,2,3,2,4,4,0,4,5,5,5,2,5,5,5,4,4
847,120,120,160,160,0,3,3,3,3,0,3,2,2,1,0,3,4,3,3,0,3,3,3,2,2
848,120,120,160,120,0,3,2,2,3,1,2,1,1,2,0,2,2,2,2,1,0,1,1,1,0
849,120,120,120,120,200,3,4,2,2,4,3,1,2,2,0,4,5,5,4,5,4,4,3,3,3
850,80,160,80,120,80,2,2,2,2,2,3,2,3,2,1,2,2,2,2,1,0,0,0,0,0
851,160,160,120,160,160,3,4,4,3,5,3,2,3,2,1,3,4,3,3,4,3,3,3,2,3
852,160,160,160,120,0,4,5,5,5,0,3,4,3,2,1,3,4,4,4,0,3,5,4,4,3
853,120,120,120,160,0,3,2,2,2,0,2,1,2,1,0,2,2,3,2,0,2,3,2,1,1
854,120,200,120,120,120,3,4,4,3,2,2,1,1,1,0,3,4,4,4,5,3,4,2,3,1
855,120,120,120,120,160,2,4,3,2,0,3,2,3,3,2,3,2,2,2,1,2,3,2,3,3
856,0,0,0,0,0,2,3,2,2,3,2,3,2,3,1,2,2,2,2,3,3,4,4,2,4
857,120,120,120,120,0,1,2,2,2,0,2,1,3,2,0,2,3,3,2,0,3,2,3,3,2
858,120,160,160,120,0,4,4,4,3,0,2,3,4,3,0,3,4,4,3,0,3,4,3,3,3
859,120,120,120,120,120,4,2,2,2,2,3,2,1,2,0,4,4,4,3,4,5,4,4,5,3
860,40,80,40,40,40,2,4,3,3,4,3,2,2,1,3,2,3,3,3,3,3,3,3,2,3
861,160,120,160,160,120,4,5,5,5,5,2,1,2,3,2,4,5,5,5,5,5,4,5,4,5
862,40,40,40,40,40,3,3,2,2,0,2,1,1,2,0,2,2,2,2,0,0,0,0,0,0
863,200,120,120,120,120,3,2,2,2,0,2,3,1,2,0,2,2,2,2,1,5,3,3,3,5
864,80,120,80,120,0,1,2,2,2,0,2,1,1,1,0,1,1,1,1,1,0,0,0,0,0
865,120,200,120,160,160,2,3,3,2,2,2,1,2,1,0,3,4,4,3,3,2,4,3,2,3
866,0,0,0,0,0,2,2,2,2,0,2,3,2,1,0,2,2,2,2,0,0,1,0,0,0
867,160,120,160,120,120,4,5,5,4,5,4,3,4,3,2,4,4,5,4,5,4,4,3,3,4
868,120,120,120,120,0,4,4,2,4,0,2,3,1,2,0,4,4,4,4,2,3,2,3,2,3
869,120,120,160,160,80,3,4,3,3,0,3,2,4,3,2,4,5,5,5,2,4,5,4,3,3
870,160,160,200,160,80,4,5,5,5,4,4,3,2,3,1,4,5,5,5,3,4,5,5,4,5
871,160,200,120,120,120,1,3,2,2,1,2,3,1,2,4,2,4,3,2,2,2,2,3,3,3
872,120,160,120,120,40,2,2,2,2,1,0,1,2,3,0,2,1,1,2,1,0,0,0,0,0
873,0,0,0,0,0,2,3,2,2,2,2,3,2,3,4,2,2,2,2,3,0,0,0,0,0
874,160,160,160,120,0,5,5,5,5,1,3,4,3,4,2,5,5,5,5,2,5,5,5,5,5
875,160,120,160,120,160,4,4,3,5,2,3,4,3,2,0,5,5,5,5,4,4,4,4,4,5
876,120,40,40,160,40,5,4,4,5,3,3,4,3,4,0,2,4,4,3,4,5,5,5,5,5
877,160,120,160,120,40,3,2,2,3,0,2,3,3,2,1,4,4,4,4,3,5,5,5,5,5
878,120,120,120,160,120,5,3,2,5,2,2,3,4,3,2,5,5,5,5,4,4,2,3,4,3
879,120,200,120,120,80,4,4,3,3,2,3,4,4,3,2,3,4,4,4,2,5,5,5,5,5
880,120,40,40,120,0,3,3,3,2,0,1,2,3,2,0,2,2,2,2,0,0,0,0,0,0
881,120,120,80,120,120,4,5,4,4,3,2,1,3,2,1,3,4,4,3,4,2,2,2,2,2
882,160,120,80,120,120,3,2,2,3,2,2,3,1,2,0,2,2,2,2,3,1,2,2,1,2
883,160,160,160,160,120,5,4,5,5,0,4,3,3,2,1,4,5,5,4,0,5,5,5,4,3
884,120,120,120,120,0,3,2,2,3,0,2,3,3,2,4,2,2,2,2,0,3,3,2,2,1
885,120,120,120,120,40,2,3,2,2,0,2,1,1,2,0,2,2,2,2,0,2,2,2,2,2
886,80,80,120,120,120,2,2,3,3,2,2,3,1,2,0,3,4,4,3,4,3,4,3,2,3
887,160,120,160,120,120,3,4,4,3,3,3,4,3,2,1,3,4,3,3,4,3,5,5,4,5
888,160,40,40,200,40,4,5,4,3,5,2,3,3,2,4,3,4,4,4,5,4,3,4,3,4
889,120,120,120,120,120,3,2,2,3,1,0,1,2,3,0,3,4,4,4,4,2,3,2,1,1
890,120,120,120,120,80,4,5,5,5,5,2,3,2,3,1,4,5,5,5,5,5,5,5,5,5
891,80,120,120,120,80,2,2,2,1,3,2,3,4,3,1,1,2,2,2,3,1,1,3,3,5
892,80,40,40,80,0,2,3,2,1,1,2,4,3,2,1,2,2,2,2,1,1,1,0,0,1
893,120,120,160,160,0,3,3,2,2,0,3,2,2,1,0,3,5,5,5,5,3,3,4,3,4
894,120,160,200,120,120,3,4,4,3,3,3,2,4,3,2,3,4,4,4,4,4,4,4,3,4
895,200,200,160,160,160,5,5,5,5,5,4,5,4,3,4,5,5,5,5,5,5,5,5,5,5
896,120,160,120,120,80,3,4,3,3,2,2,3,1,2,0,3,3,3,3,2,2,2,2,2,0
897,40,120,160,120,80,3,5,4,3,2,2,1,1,1,0,2,4,3,2,3,0,0,0,0,0
898,120,160,160,120,120,2,4,3,2,2,2,3,2,1,3,2,3,2,2,2,4,5,4,4,5
899,120,160,80,120,160,3,3,3,3,2,2,1,1,1,1,2,2,2,2,1,0,0,0,1,0
900,200,200,200,200,200,5,5,5,5,4,3,4,3,2,1,5,5,5,5,5,5,5,5,5,5
901,120,40,40,120,40,4,2,2,4,2,2,1,3,2,0,2,4,3,3,2,2,2,2,2,2
902,200,120,160,160,40,5,5,5,5,5,2,1,3,2,0,5,5,5,5,5,5,5,5,5,5
903,160,120,160,160,0,5,5,5,5,0,2,4,3,3,1,5,5,5,5,2,5,5,5,5,5
904,120,0,80,80,80,3,2,2,3,2,3,2,1,2,0,3,2,2,3,1,4,3,3,3,2
905,200,200,200,200,200,5,5,5,5,5,2,4,3,4,5,5,5,5,5,5,5,5,5,5,5
906,160,200,120,120,120,4,5,5,5,4,3,2,3,3,1,5,5,5,4,5,5,5,5,4,4
907,160,40,40,120,40,4,5,4,3,5,3,4,3,2,5,3,5,5,5,5,2,3,3,3,3
908,120,40,40,120,0,4,3,2,3,0,2,3,2,3,0,4,2,2,3,0,4,3,3,3,0
909,0,40,40,0,40,2,2,2,1,3,3,2,4,3,0,2,3,2,2,3,0,0,0,0,0
910,160,120,120,200,80,4,4,3,5,2,3,2,4,3,0,3,4,3,3,0,4,5,4,3,3
911,200,160,200,200,0,4,3,4,4,0,2,3,4,3,2,4,3,4,4,2,5,5,5,4,4
912,160,200,120,120,80,4,5,4,3,2,3,2,4,3,0,4,5,5,4,3,3,3,3,3,0
913,200,160,200,160,0,3,4,5,4,2,3,2,4,3,1,3,5,5,5,5,4,4,4,4,4
914,200,160,160,200,160,4,2,3,4,2,4,3,2,4,1,3,4,4,4,5,3,4,4,3,4
915,160,40,40,120,40,3,2,2,3,2,2,3,1,2,0,3,4,3,3,3,0,0,0,0,0
916,160,120,160,160,40,3,4,4,3,0,2,1,3,2,0,3,3,3,3,1,2,2,2,2,2
917,0,0,0,0,0,3,4,4,3,2,2,1,2,1,3,3,4,3,3,2,2,2,2,2,3
918,120,120,120,120,80,3,2,1,2,0,2,1,1,2,0,3,4,2,3,0,0,0,0,1,0
919,200,160,160,160,200,4,3,4,5,5,2,1,3,2,0,5,5,5,5,3,5,5,5,5,5
920,40,40,40,40,0,0,0,1,0,0,2,1,1,1,0,1,2,2,2,0,0,0,0,0,0
921,120,120,120,120,120,2,4,3,3,2,2,3,2,1,0,2,2,3,2,1,0,0,0,0,0
922,80,80,80,80,80,3,2,2,3,1,2,1,2,1,1,2,2,2,2,1,1,1,1,1,1
923,200,200,200,200,200,5,5,5,5,0,3,4,4,3,2,5,5,5,5,0,5,5,5,5,5
924,160,40,40,200,40,5,2,2,4,5,3,2,4,3,2,4,4,4,4,2,4,4,4,4,4
925,160,40,40,120,40,2,5,4,2,4,3,4,5,4,2,3,4,4,3,5,3,4,4,3,4
926,120,40,40,200,40,2,4,4,3,2,2,1,1,1,0,3,4,3,3,3,2,3,3,3,2
927,200,40,200,200,160,4,2,3,3,0,2,3,4,3,2,4,4,5,5,3,5,5,5,5,5
928,120,80,80,120,80,5,4,5,5,5,2,1,1,2,0,3,4,3,3,4,3,3,3,3,2
929,160,120,120,160,160,3,4,3,4,3,2,1,3,2,0,3,2,4,3,4,0,0,1,0,0
930,120,120,120,120,0,3,2,2,2,0,2,1,2,1,0,2,2,2,2,0,3,3,3,3,3
931,200,200,200,200,200,5,5,5,5,5,4,5,4,3,2,5,5,5,5,5,5,4,5,4,5
932,160,40,40,120,40,3,3,2,2,0,2,1,1,2,0,2,2,2,2,0,1,1,1,1,1
933,160,120,120,120,40,2,2,2,2,0,2,1,1,2,0,3,2,2,2,0,0,0,0,0,0
934,120,80,120,80,80,4,2,2,3,0,3,2,2,3,0,4,2,2,3,2,5,1,3,2,4
935,160,80,120,160,0,4,5,3,4,2,2,3,3,2,0,4,5,5,5,2,5,5,5,4,5
936,160,40,40,160,0,4,2,2,4,1,2,1,3,2,0,3,2,2,3,2,1,1,1,1,2
937,160,120,120,160,120,3,2,2,3,1,2,3,1,2,0,3,4,4,4,4,1,1,1,1,1
938,160,80,80,120,80,4,2,2,3,2,3,2,1,2,0,4,3,4,4,2,2,2,2,2,2
939,120,120,120,120,160,2,4,3,2,4,2,3,2,3,4,2,4,3,2,4,2,2,2,2,2
940,160,120,160,160,0,4,5,4,5,2,3,4,3,4,2,3,4,4,4,2,4,5,4,4,4
941,0,0,0,0,0,2,3,2,1,0,2,3,2,1,2,2,3,2,2,1,1,1,1,1,1
942,120,200,120,120,200,2,4,3,3,4,3,2,1,3,2,4,5,5,4,4,2,2,2,2,2
943,200,200,160,160,200,4,5,5,4,3,4,5,4,3,2,5,5,5,5,5,5,5,5,5,5
944,160,120,120,120,120,2,2,2,2,0,2,3,1,2,0,3,3,4,4,2,1,2,1,0,1
945,160,200,200,160,200,5,5,5,5,5,2,4,3,3,0,4,5,5,5,5,5,5,5,5,5
946,120,120,120,120,120,4,3,3,2,1,3,4,3,2,3,4,5,5,5,5,2,3,2,2,3
947,120,160,120,120,40,3,4,4,3,3,3,4,3,4,2,2,4,4,3,3,4,4,4,4,3
948,80,0,0,0,0,4,2,2,3,0,3,4,2,3,1,2,2,2,2,0,3,2,2,3,0
949,200,200,200,200,200,5,3,3,5,0,2,4,3,2,0,5,5,5,5,0,5,5,4,4,2
950,120,120,80,120,80,4,5,5,5,4,3,2,4,3,1,3,5,5,5,5,5,5,5,5,5
951,200,200,200,200,0,4,3,5,5,0,2,4,1,3,0,5,5,5,5,2,4,5,5,4,5
952,80,80,80,120,80,2,2,2,2,2,2,3,2,1,0,1,1,1,1,1,0,1,1,0,0
953,120,120,120,120,120,3,3,2,2,2,2,1,1,1,0,4,5,5,4,5,2,2,3,2,3
954,120,40,40,80,120,2,2,2,2,2,2,1,1,2,0,2,2,2,2,0,2,2,2,1,2
955,160,200,160,120,80,5,5,5,5,0,2,4,3,3,0,5,5,5,5,0,4,5,5,4,4
956,120,120,120,120,0,2,2,2,2,2,2,3,1,2,0,4,3,3,4,4,4,4,4,4,4
957,120,80,80,120,80,2,2,2,2,2,3,4,2,3,1,3,2,3,3,2,3,2,2,2,3
958,80,80,80,80,80,2,2,2,2,2,2,3,1,2,0,2,2,2,2,1,2,2,1,2,1
959,0,0,0,0,0,3,4,3,2,2,2,3,2,1,2,2,3,3,2,2,1,2,2,1,2
960,120,160,160,160,200,3,4,3,4,5,2,4,3,3,1,3,4,4,3,4,2,3,3,2,3
961,120,120,120,120,80,3,2,2,3,1,2,3,1,2,0,5,3,4,4,2,4,3,4,3,2
962,80,80,120,120,0,2,3,3,2,0,2,1,2,1,0,3,2,3,2,0,0,0,2,1,0
963,160,200,160,160,120,4,5,5,4,2,3,4,3,3,2,3,5,5,4,5,5,5,5,5,5
964,160,200,160,200,160,5,5,5,5,4,2,3,4,4,0,5,5,5,5,2,4,4,4,4,4
965,120,160,120,160,160,4,3,5,5,5,3,2,2,3,1,4,5,5,4,5,4,4,4,4,4
966,160,160,120,160,120,4,5,5,4,1,5,4,3,5,2,4,5,5,5,5,5,5,5,5,5
967,120,120,120,120,80,4,4,4,4,2,2,4,3,3,0,3,5,5,5,5,4,4,4,4,5
968,120,160,120,120,40,3,4,3,2,1,2,3,2,3,1,3,4,4,3,2,2,3,3,2,2
969,120,80,80,120,80,2,4,4,3,5,2,3,2,3,0,3,3,4,3,4,3,3,3,2,4
970,200,120,160,200,160,4,5,4,5,3,3,4,2,4,1,4,5,5,5,5,5,5,5,4,4
971,0,0,0,0,0,2,2,2,2,0,2,1,1,1,0,2,2,2,2,0,1,3,2,1,0
972,160,160,160,160,120,4,5,5,4,3,2,3,3,2,1,5,5,5,5,5,5,5,5,4,5
973,80,80,80,80,80,2,2,2,2,2,3,2,2,1,1,2,2,2,2,1,3,3,2,2,2
974,120,120,80,120,40,2,3,2,2,2,2,1,1,2,0,2,2,2,2,3,2,2,2,2,2
975,80,120,120,120,120,3,4,4,4,3,2,4,3,2,0,3,2,4,3,2,3,3,3,3,4
976,160,160,120,160,120,4,4,4,4,3,2,1,2,2,0,4,4,4,4,4,3,5,4,3,4
977,120,120,120,120,80,1,4,4,3,3,2,1,2,3,0,3,3,3,3,4,4,3,4,2,4
978,120,120,160,160,40,4,5,5,5,4,2,3,2,3,1,4,5,5,5,4,3,4,4,3,3
979,200,200,200,200,200,5,5,4,5,5,4,3,4,3,2,3,4,4,4,4,4,5,4,4,3
980,160,120,120,120,160,3,2,2,2,2,3,2,3,2,1,3,4,4,4,4,2,2,2,2,2
981,120,160,160,120,40,4,5,5,4,2,2,3,3,2,1,3,4,4,3,4,2,3,3,2,3
982,120,120,120,120,160,3,4,4,3,4,2,3,2,3,0,3,2,3,3,3,4,4,4,4,5
983,120,80,80,80,80,3,4,3,3,4,2,3,4,3,1,2,2,3,2,3,2,3,2,3,3
984,200,40,40,120,40,5,4,4,5,5,2,1,1,2,0,3,3,4,4,4,5,3,4,3,3
985,120,80,120,120,120,4,5,5,5,4,3,4,4,3,2,3,4,4,4,5,2,2,2,2,2
986,120,120,120,120,120,4,5,4,4,3,3,4,2,3,1,4,5,5,5,3,3,4,4,3,4
987,160,160,120,200,80,4,5,4,4,2,4,3,2,3,4,4,5,5,4,4,3,4,4,4,4
988,120,120,120,120,160,4,4,4,4,5,4,3,3,2,2,3,4,4,3,5,3,4,4,3,4
989,200,160,200,200,0,5,4,5,5,2,2,3,3,2,1,5,5,5,5,2,5,5,5,5,4
990,160,80,80,120,80,4,4,4,4,3,3,2,4,3,1,4,3,3,4,3,4,5,4,4,4
991,160,200,200,120,0,4,5,5,4,5,2,4,3,3,1,5,5,5,5,5,5,5,5,5,5
992,160,200,120,120,80,4,2,3,3,0,3,4,3,4,2,5,5,5,5,4,3,4,5,4,5
993,120,120,120,120,80,2,4,2,3,2,2,3,2,3,4,3,4,5,3,5,1,2,3,2,3
994,160,160,200,160,160,5,5,5,5,5,3,2,4,3,1,4,5,5,5,5,5,5,5,4,5
995,120,40,40,120,0,2,2,2,3,0,3,2,1,2,0,2,2,3,2,0,2,2,2,1,0
996,200,200,200,200,200,5,5,5,5,5,3,2,4,1,3,4,5,5,5,5,5,5,5,5,5
997,120,120,160,160,0,3,2,3,2,0,3,2,3,2,1,3,4,5,4,2,0,0,2,2,0
998,120,120,120,120,120,2,3,2,2,2,2,1,1,2,0,3,4,3,3,2,2,3,2,2,3
999,200,120,120,120,160,4,4,4,4,5,3,2,2,3,1,2,2,4,3,4,5,3,4,4,5
1000,120,40,40,120,40,4,5,5,5,5,2,1,1,2,0,3,2,4,4,4,5,5,5,5,5
1001,200,200,160,160,160,4,5,5,5,5,2,3,3,2,4,3,5,5,5,5,5,4,4,3,4
1002,120,120,80,80,80,4,4,5,5,3,2,3,3,2,4,4,5,5,5,5,5,5,5,5,5
1003,200,200,200,200,0,5,5,5,5,2,3,4,3,2,1,5,5,5,5,5,4,5,5,4,4
1004,120,40,80,80,80,3,2,3,2,3,0,1,1,1,0,2,2,2,2,2,3,2,2,2,0
1005,0,0,0,0,0,2,3,2,3,2,2,3,3,2,1,2,1,1,2,1,2,3,2,3,0
1006,160,120,120,120,80,4,5,5,4,2,2,1,2,1,0,3,5,5,4,5,4,4,4,4,3
1007,160,160,200,160,120,5,5,5,5,2,4,3,3,2,1,5,5,5,5,5,5,5,5,5,5
1008,160,120,160,160,120,4,5,4,4,5,3,4,3,2,1,3,4,4,3,4,5,5,5,4,5
1009,120,120,120,120,80,2,2,2,2,2,3,2,1,2,0,4,2,3,3,1,3,2,3,3,2
1010,120,120,120,120,120,3,4,3,3,3,2,3,2,3,4,3,4,4,3,4,4,4,3,3,4
1011,80,80,80,80,80,2,2,3,3,2,2,1,1,2,0,2,2,2,2,2,2,2,2,2,3
1012,160,120,120,120,120,3,4,4,4,2,2,3,1,2,4,3,4,4,3,4,2,3,4,2,3
1013,120,160,120,120,40,4,5,4,4,2,2,4,3,4,0,5,5,5,5,5,5,5,5,4,4
1014,120,40,40,120,40,3,2,2,2,3,0,1,0,1,0,3,2,2,2,1,0,0,0,0,0
1015,120,120,120,120,120,4,5,5,4,5,4,3,3,2,3,3,5,5,3,5,4,3,4,2,3
1016,120,80,80,120,80,4,5,4,4,5,2,4,3,3,1,3,4,4,3,4,2,3,3,3,3
1017,120,120,120,120,80,2,2,2,2,2,2,1,1,2,0,3,2,2,2,1,2,2,2,1,2
1018,120,120,120,120,40,3,5,5,4,4,2,1,1,2,3,2,4,4,3,3,4,4,4,4,4
1019,120,80,80,80,80,2,3,2,2,4,1,2,3,2,1,2,2,3,2,3,2,2,2,2,2
1020,120,160,120,120,120,3,4,4,3,4,3,2,1,3,4,3,4,4,4,5,3,4,4,3,3
1021,160,120,120,160,120,4,3,3,4,5,3,2,3,3,0,3,3,4,3,4,4,4,4,4,5
1022,120,80,80,120,120,4,5,5,4,5,3,2,1,3,2,5,5,5,5,5,4,3,3,3,3
1023,160,120,120,160,0,4,2,2,3,0,3,1,2,3,0,3,4,5,4,1,3,4,5,4,4
1024,120,160,120,120,160,4,4,5,4,5,2,1,2,3,0,3,3,4,4,3,5,5,5,4,5
1025,160,160,160,160,160,3,5,5,5,5,3,2,4,3,2,3,4,4,3,5,5,4,4,4,5
1026,200,200,200,200,200,5,5,5,5,2,2,3,3,2,1,5,5,5,5,2,5,5,5,5,4
1027,0,0,0,0,0,2,2,2,3,0,2,1,2,1,0,1,1,2,2,0,0,0,0,0,0
1028,160,120,120,160,120,5,3,2,4,2,2,1,1,2,0,4,3,3,4,3,3,2,3,2,3
1029,120,120,120,120,120,4,5,4,4,2,4,3,2,3,1,5,5,5,5,0,5,5,4,5,3
1030,160,40,40,120,40,4,2,2,3,0,0,1,2,3,0,4,1,2,2,0,2,2,2,2,1
1031,160,120,120,160,200,4,5,4,4,3,2,3,3,2,1,4,3,3,4,3,3,4,4,3,4
1032,160,40,40,120,40,2,2,2,2,3,0,1,2,3,0,2,2,2,3,1,0,0,0,1,0
1033,160,40,40,120,40,3,2,2,2,1,2,3,2,1,0,3,2,3,3,1,2,3,3,2,0
1034,120,120,120,120,120,3,4,4,3,4,2,3,3,2,1,3,4,4,4,5,3,3,4,2,3
1035,120,40,80,160,0,2,2,2,2,0,2,1,1,2,0,2,2,2,2,0,0,0,0,0,0
1036,200,200,200,200,200,5,5,5,5,2,2,4,3,4,2,4,5,5,5,5,5,5,5,5,5
1037,160,160,160,160,160,5,5,5,5,4,2,1,3,2,0,5,4,5,5,5,5,5,5,5,5
1038,120,120,120,120,80,1,2,2,2,1,2,1,1,2,0,2,2,2,2,2,2,2,2,2,2
1039,0,0,0,0,0,2,3,2,2,1,2,3,2,1,2,2,2,2,2,1,1,2,2,3,2
1040,160,40,40,160,40,4,4,3,4,2,3,2,2,2,1,3,4,4,4,2,3,4,3,2,4
1041,160,160,160,160,160,5,5,5,5,5,3,2,4,3,1,5,5,5,5,5,5,5,5,5,4
1042,120,40,40,160,40,3,3,4,4,5,2,3,4,3,0,3,2,2,2,2,2,3,3,2,3
1043,120,80,80,80,80,4,5,4,4,5,3,2,4,3,1,4,5,5,4,5,3,4,4,3,4
1044,160,120,160,160,120,3,5,5,4,2,3,2,4,3,1,4,5,5,5,5,4,5,5,3,4
1045,40,40,40,40,40,2,3,2,2,2,2,1,1,2,0,2,2,2,2,3,0,0,0,0,0
1046,0,0,0,0,0,4,2,2,4,0,0,1,2,3,0,3,1,2,2,0,2,0,2,2,0
1047,200,40,40,120,40,4,2,3,3,0,0,1,2,3,0,4,2,2,3,0,5,3,4,4,4
1048,160,200,120,160,120,4,5,5,5,4,2,3,4,3,0,5,5,5,5,3,5,5,5,5,5
1049,160,120,120,120,80,3,3,2,4,2,2,4,3,3,2,3,4,4,3,2,4,4,4,4,3
1050,200,40,40,200,40,5,5,5,5,5,3,1,2,3,0,3,1,2,3,1,3,3,3,3,2
1051,80,80,80,80,40,3,2,2,2,2,2,1,1,2,0,2,2,2,2,2,3,3,3,2,3
1052,160,120,120,120,120,3,4,4,5,4,3,4,2,4,3,3,5,5,4,5,3,3,2,2,3
1053,120,40,40,120,40,2,2,2,2,2,2,3,1,2,0,2,2,2,2,1,0,0,0,0,0
1054,120,40,40,120,0,3,2,3,2,1,3,2,3,3,0,4,5,5,4,3,2,3,4,2,3
1055,0,0,0,0,0,3,2,2,2,2,2,1,1,2,0,2,1,1,1,1,4,4,2,3,2
1056,120,160,160,160,120,4,5,5,5,5,2,3,4,3,2,4,5,5,5,5,5,5,5,5,5
1057,0,0,0,0,0,3,4,4,2,1,0,2,1,3,2,2,3,2,2,2,3,4,4,3,4
1058,160,120,120,80,80,3,2,2,3,2,2,3,2,1,0,3,2,3,2,2,4,3,2,2,1
1059,120,120,120,160,120,4,5,4,4,4,3,4,3,2,0,3,3,4,3,4,3,3,3,3,3
1060,160,200,200,200,160,3,3,3,2,0,3,2,3,2,0,3,3,4,3,0,5,5,5,5,4
1061,80,40,40,120,40,3,2,1,3,0,2,1,1,2,0,2,2,2,2,0,0,0,0,0,0
1062,160,120,160,120,80,3,4,4,3,2,2,1,2,1,2,3,4,4,3,4,5,5,4,5,5
1063,160,120,80,120,0,2,2,2,2,0,2,1,1,1,0,2,1,2,2,0,0,2,1,1,0
1064,160,120,160,120,160,4,4,4,5,3,3,4,3,2,5,4,3,5,5,5,4,3,4,3,4
1065,120,120,160,120,80,4,4,3,4,2,3,2,4,3,1,4,3,3,4,3,4,4,4,3,4
1066,160,160,160,160,80,4,3,3,4,2,3,2,1,2,0,3,4,2,3,2,4,5,4,3,4
1067,80,80,80,80,80,5,2,4,5,5,3,1,2,3,0,4,2,2,4,2,3,4,3,2,3
1068,160,160,160,160,120,5,5,5,5,5,2,4,3,4,0,3,4,5,4,4,5,5,5,5,5
1069,160,120,120,120,120,4,2,2,3,2,2,3,3,2,0,4,3,3,4,3,4,5,4,4,4
1070,200,160,160,160,40,5,4,5,5,0,3,2,3,3,1,4,4,4,3,2,4,5,3,3,0
1071,160,40,40,120,40,3,4,3,2,2,2,1,1,2,0,3,2,3,2,2,0,0,0,0,0
1072,160,160,160,160,120,3,4,4,4,5,3,2,4,3,5,3,4,4,3,4,4,5,5,4,5
1073,120,120,120,120,120,1,3,3,2,2,3,2,2,3,1,2,4,4,3,1,2,3,2,2,1
1074,80,120,80,120,120,2,4,2,3,3,1,2,3,2,0,2,3,3,2,3,1,2,3,2,2
1075,120,120,120,120,40,2,3,3,2,2,2,3,2,1,1,2,2,2,2,2,0,0,0,0,0
1076,160,160,160,200,200,4,5,5,5,5,2,3,4,3,2,3,4,4,4,5,5,5,5,5,5
1077,120,200,120,160,120,3,4,4,3,5,2,3,4,3,1,3,4,4,3,4,2,3,3,2,3
1078,200,200,160,200,120,4,5,5,5,5,3,2,4,3,1,3,5,5,5,5,5,5,5,5,5
1079,160,160,120,160,160,4,5,5,4,4,3,4,3,2,1,5,4,5,5,5,5,5,5,5,5
1080,160,120,160,120,120,5,5,5,4,5,3,4,4,3,2,4,4,4,4,5,5,5,5,5,5
1081,160,40,40,160,40,5,5,5,5,4,2,3,1,2,4,5,5,5,5,5,3,3,3,3,3
1082,160,160,160,160,120,5,4,5,5,5,2,4,3,3,0,5,5,5,5,4,5,5,5,5,5
1083,160,200,160,200,160,4,4,3,4,2,3,2,2,3,1,3,4,4,4,0,2,2,2,2,1
1084,160,40,40,160,40,4,3,4,5,5,3,1,2,3,0,3,2,2,4,3,3,4,4,3,4
1085,120,160,160,120,120,4,5,5,5,5,3,2,2,3,1,4,5,5,5,5,5,5,5,5,4
1086,80,120,80,80,80,2,4,4,3,0,0,1,2,3,4,2,3,3,2,1,2,3,3,2,2
1087,160,120,120,160,160,4,5,4,4,5,3,2,1,4,0,3,3,3,4,4,2,3,2,1,2
1088,120,120,120,120,160,4,5,4,4,2,2,4,3,2,1,2,3,3,2,3,2,3,3,2,2
1089,120,120,120,120,120,3,4,4,4,4,3,2,3,3,1,3,4,4,4,4,3,4,4,2,3
1090,160,120,160,120,80,4,2,2,3,2,3,2,2,3,0,4,3,4,4,4,5,5,5,5,5
1091,120,0,120,120,80,4,2,4,4,0,2,1,1,1,0,4,1,2,4,1,1,0,1,1,1
1092,160,120,120,160,120,4,3,4,5,4,2,3,2,3,0,4,3,4,5,4,5,4,4,5,5
1093,120,120,120,120,80,4,5,4,4,2,4,3,2,3,1,3,4,4,4,3,4,5,5,4,4
1094,200,40,40,160,40,5,4,4,4,4,3,2,2,3,1,4,3,4,4,4,3,2,2,2,3
1095,120,120,120,120,80,4,5,4,5,4,2,3,2,3,1,3,2,4,3,4,3,4,3,2,4
1096,120,120,160,80,120,2,3,3,2,2,2,1,2,1,0,2,1,2,2,1,2,3,3,3,3
1097,120,120,120,120,160,3,3,3,4,5,2,3,4,3,1,2,3,3,2,3,0,1,2,3,1
1098,160,120,120,120,0,4,5,5,4,0,2,3,2,3,0,3,4,4,4,1,4,4,4,3,3
1099,120,160,120,120,40,4,5,5,5,3,4,3,4,3,2,5,5,5,5,5,5,5,5,4,5
1100,160,120,120,160,120,2,4,2,3,3,2,1,2,2,1,2,1,1,2,2,3,3,3,2,3
1101,160,200,120,160,160,4,5,5,5,5,2,4,3,3,1,3,5,5,5,5,3,3,3,3,4
1102,120,120,120,80,80,4,2,2,3,1,2,1,2,1,0,2,2,2,2,1,3,2,2,2,2
1103,160,200,160,200,160,4,5,4,4,2,2,3,4,3,1,3,3,4,4,3,5,5,5,5,5
1104,160,40,40,160,40,4,2,2,3,3,2,1,1,2,0,4,3,3,4,3,5,2,4,5,4
1105,80,120,120,120,120,2,3,2,2,3,2,1,2,2,0,2,2,2,2,2,2,2,2,1,1
1106,160,120,120,160,160,3,3,3,4,3,2,3,2,2,1,4,4,4,4,3,5,5,5,4,5
1107,160,120,160,160,160,4,5,5,5,5,2,4,3,3,1,5,4,5,5,5,5,5,5,4,5
1108,120,120,120,160,80,4,5,5,4,3,2,1,3,2,4,2,4,3,3,4,4,4,4,3,4
1109,200,200,120,200,40,4,5,5,5,0,2,4,3,2,0,5,5,5,5,3,5,5,5,5,4
1110,160,160,160,160,160,4,5,4,4,3,2,3,3,2,1,5,3,5,5,5,3,2,3,2,4
1111,120,40,40,120,40,2,2,2,2,2,2,1,1,2,0,2,3,3,2,1,1,2,1,1,1
1112,160,120,120,120,0,3,2,2,3,2,2,1,1,1,1,2,2,2,2,1,1,3,2,1,2
1113,80,120,80,120,0,2,3,2,2,0,0,1,2,3,4,2,3,2,2,1,1,2,2,1,2
1114,120,120,120,80,40,2,3,2,2,1,2,3,2,1,2,2,3,2,2,1,0,2,0,0,1
1115,200,160,200,200,160,4,5,5,5,5,2,3,2,3,4,4,5,5,5,5,5,5,5,4,5
1116,120,120,120,120,80,3,3,2,2,0,2,3,2,3,1,3,4,4,4,2,1,1,1,1,1
1117,160,160,160,160,120,4,5,4,4,2,3,2,2,1,3,3,4,4,4,3,5,5,5,4,5
1118,200,160,200,200,120,4,4,5,5,4,2,3,3,2,1,5,5,5,5,4,4,4,3,4,3
1119,120,120,120,120,0,2,2,2,2,0,2,1,1,2,0,2,2,1,2,0,2,2,2,2,2
1120,160,120,120,160,120,4,5,4,4,5,2,4,3,3,2,3,4,4,4,4,3,3,3,3,3
1121,200,160,160,200,40,4,5,5,5,3,3,2,4,3,0,4,5,5,4,4,5,4,5,4,1
1122,160,120,160,160,160,4,4,4,4,2,3,4,2,4,1,4,5,5,4,0,4,5,5,4,3
1123,160,160,160,160,120,4,5,5,5,3,3,4,2,4,1,4,5,5,5,5,3,5,4,4,3
1124,160,160,200,160,160,5,4,5,5,4,3,4,3,2,1,3,5,5,4,5,4,4,4,4,2
1125,200,120,120,120,160,4,3,3,4,2,3,4,3,4,2,4,4,4,4,3,5,5,4,5,4
1126,120,40,40,120,40,3,2,3,3,1,2,3,2,1,0,3,2,2,3,2,1,1,1,1,2
1127,80,120,120,80,120,1,2,2,2,2,2,1,1,2,0,2,2,3,2,3,1,2,2,2,2
1128,120,80,80,120,80,2,4,2,2,2,2,3,2,1,0,2,2,3,2,3,2,3,3,2,3
1129,200,200,160,160,120,4,5,5,5,2,2,3,3,2,1,5,5,5,5,4,3,4,3,3,2
1130,80,40,80,80,40,3,3,3,2,0,2,3,4,3,2,2,3,3,2,1,2,3,3,2,4
1131,80,80,80,80,80,4,4,4,4,3,2,3,3,2,1,3,4,4,3,4,3,3,2,2,2
1132,200,200,200,160,80,4,4,4,5,2,2,3,4,3,0,4,5,5,5,5,5,5,5,5,5
1133,200,120,160,160,80,4,4,3,4,0,2,4,3,2,0,4,5,5,5,4,5,5,5,5,5
1134,120,120,160,160,160,4,4,3,4,3,3,2,3,2,0,4,3,4,4,3,2,1,2,3,3
1135,160,160,160,160,160,4,5,5,5,2,4,3,3,2,1,5,5,5,5,3,5,5,5,5,5
1136,200,160,160,160,120,4,3,3,4,1,3,4,2,3,0,5,5,5,5,4,4,5,3,4,3
1137,160,160,160,160,120,4,3,4,5,2,3,2,3,2,0,4,3,4,4,4,4,5,5,4,4
1138,160,200,200,160,200,5,5,5,5,5,2,3,4,3,0,5,5,5,5,4,5,4,4,4,5
1139,120,160,120,160,120,5,5,5,5,4,3,2,4,2,1,3,5,5,3,4,5,5,5,4,4
1140,200,200,160,200,0,5,4,4,5,2,2,3,2,3,1,5,5,5,5,2,5,5,5,4,4
1141,160,120,160,120,80,5,5,5,5,2,3,2,4,3,1,5,5,5,5,5,5,5,5,4,5
1142,160,200,200,200,160,5,5,5,5,5,4,3,2,3,1,3,5,5,4,5,4,5,5,4,5
1143,160,40,40,120,0,4,2,3,4,0,0,2,1,3,0,4,1,2,3,0,2,1,1,2,0
1144,200,160,120,120,120,4,5,4,4,2,2,3,4,2,1,5,5,5,5,5,4,4,3,3,3
1145,200,200,200,200,200,4,5,5,5,4,3,2,4,3,1,4,5,5,5,5,5,5,5,5,5
1146,200,200,120,200,120,5,5,5,5,5,2,4,3,4,0,4,5,5,4,5,5,5,5,5,5
1147,160,40,40,120,40,4,2,3,4,2,2,1,1,2,0,4,4,4,4,3,5,4,3,3,3
1148,160,120,160,160,40,4,4,4,4,2,2,4,3,3,1,3,4,3,3,2,5,5,5,5,5
1149,200,120,120,200,160,5,5,5,5,5,3,4,2,3,1,4,5,5,5,5,5,5,5,5,4
1150,160,200,160,120,120,4,5,5,5,2,4,3,4,2,3,4,5,5,4,5,4,5,5,4,5
1151,160,120,120,200,120,3,3,4,3,2,2,3,2,1,4,3,3,4,4,4,2,3,3,2,3
1152,40,80,80,40,80,4,3,4,4,2,2,3,3,2,1,4,4,4,4,3,2,4,3,2,3
1153,80,120,120,120,120,3,4,3,4,2,2,3,2,3,0,3,3,3,3,3,3,3,2,2,3
1154,120,120,80,120,120,5,3,4,5,2,2,3,2,3,0,5,4,5,5,3,5,4,4,4,3
1155,120,160,120,120,40,4,2,2,3,0,3,4,2,4,0,4,5,4,4,4,5,5,5,5,5
1156,160,40,40,120,0,4,2,4,4,2,0,1,2,1,0,4,2,2,4,1,5,0,4,4,4
1157,160,160,160,160,80,4,5,3,4,1,2,3,4,3,2,4,5,5,4,4,3,3,3,3,3
1158,160,160,120,160,80,4,5,4,4,2,2,1,2,1,0,4,5,5,4,5,5,5,5,5,5
1159,160,120,160,160,120,5,5,5,5,5,2,3,4,3,2,4,5,5,5,5,4,5,5,4,5
1160,120,120,120,120,40,3,3,2,2,2,2,1,1,2,0,2,4,3,3,2,2,2,2,2,3
1161,160,200,160,120,120,5,5,5,4,3,2,3,3,2,1,5,5,5,5,3,5,5,5,5,4
1162,160,120,120,160,160,4,4,5,5,5,2,4,3,3,1,3,4,4,4,4,2,3,3,2,4
1163,80,120,80,120,40,1,3,2,2,2,2,3,2,2,1,2,3,2,2,2,0,1,2,2,1
1164,160,160,160,160,120,3,4,4,4,3,2,3,2,2,0,4,5,5,4,3,3,4,3,3,2
1165,80,80,80,80,80,3,4,4,3,2,2,3,2,1,2,2,4,5,3,4,3,4,4,3,4
